Fish_ID,Aquarium,Acclimation,MMR_Hypoxic_mg/h/g,MMR_Normoxic__mg/h/g,SMR_Hypoxic__mg/h/g,SMR_Normoxic__mg/h/g,sex,Weight_start,Weight_end,Length_start,Length_end,SGR,Weight_resp,MMR_Hypoxic_scaled,MMR_Normoxic_scaled,SMR_Hypoxic_scaled,SMR_Normoxic_scaled,AS_H,AS_N,Harvested,Metric,Hypoxia,Normoxia,Recovery,NormoxiaDrop1,NormoxiaDrop2,NormoxiaDrop3,HypoxiaDrop4,HypoxiaDrop5,HypoxiaDrop6,RecoveryDrop7,RecoveryDrop8,RecoveryDrop9,ControlNormoxiaDrop1,ControlNormoxiaDrop2,ControlNormoxiaDrop3,ControlNormoxiaDrop4,ControlNormoxiaDrop5,ControlNormoxiaDrop6,ControlNormoxiaDrop7,ControlNormoxiaDrop8,ControlNormoxiaDrop9,ControlHypoxiaDrop1,ControlHypoxiaDrop2,ControlHypoxiaDrop3
10fb,10,Hypoxia acclimated,0.463,0.969,0.213,0.158,F,0.23,0.69,22,30.5,1.89,0.54,0.149,0.312,0.075,0.056,0.074,0.256,Large,Distance,703.678778133333,240.4436444,530.780786533333,120,400,NA,NA,NA,NA,NA,140,NA,NA,NA,NA,NA,NA,NA,NA,NA,NA,NA,NA,NA
10fb,10,Hypoxia acclimated,0.463,0.969,0.213,0.158,F,0.23,0.69,22,30.5,1.89,0.54,0.149,0.312,0.075,0.056,0.074,0.256,Large,Speed,8.042663256,6.461608838,6.83558045,120,400,NA,NA,NA,NA,NA,140,NA,NA,NA,NA,NA,NA,NA,NA,NA,NA,NA,NA,NA
10fb,10,Hypoxia acclimated,0.463,0.969,0.213,0.158,F,0.23,0.69,22,30.5,1.89,0.54,0.149,0.312,0.075,0.056,0.074,0.256,Large,Time,84.4555555433333,37.2111111,77.0555555433333,120,400,NA,NA,NA,NA,NA,140,NA,NA,NA,NA,NA,NA,NA,NA,NA,NA,NA,NA,NA
10fg,10,Hypoxia acclimated,0.409,0.865,0.158,0.046,F,0.16,0.54,20,27,2.1,0.38,0.125,0.265,0.05,0.015,0.075,0.25,Large,Distance,208.832165133333,136.724611266667,367.722199333333,80,1400,680,140,NA,NA,820,120,NA,NA,NA,NA,NA,NA,NA,NA,NA,NA,NA,NA,NA
10fg,10,Hypoxia acclimated,0.409,0.865,0.158,0.046,F,0.16,0.54,20,27,2.1,0.38,0.125,0.265,0.05,0.015,0.075,0.25,Large,Speed,6.96644118433333,9.135274695,7.252879556,80,1400,680,140,NA,NA,820,120,NA,NA,NA,NA,NA,NA,NA,NA,NA,NA,NA,NA,NA
10fg,10,Hypoxia acclimated,0.409,0.865,0.158,0.046,F,0.16,0.54,20,27,2.1,0.38,0.125,0.265,0.05,0.015,0.075,0.25,Large,Time,30.0555555533333,14.9666666666667,51.1222222233333,80,1400,680,140,NA,NA,820,120,NA,NA,NA,NA,NA,NA,NA,NA,NA,NA,NA,NA,NA
10fl,10,Hypoxia acclimated,0.52,0.88,0.214,0.272,F,0.21,0.87,21.5,29,2.45,0.55,0.168,0.284,0.076,0.096,0.092,0.188,Large,Distance,117.715486626667,92.9770186666667,214.008697133333,140,NA,NA,NA,140,NA,NA,NA,960,NA,NA,NA,NA,NA,NA,NA,NA,NA,NA,NA,NA
10fl,10,Hypoxia acclimated,0.52,0.88,0.214,0.272,F,0.21,0.87,21.5,29,2.45,0.55,0.168,0.284,0.076,0.096,0.092,0.188,Large,Speed,NA,7.798631574,NA,140,NA,NA,NA,140,NA,NA,NA,960,NA,NA,NA,NA,NA,NA,NA,NA,NA,NA,NA,NA
10fl,10,Hypoxia acclimated,0.52,0.88,0.214,0.272,F,0.21,0.87,21.5,29,2.45,0.55,0.168,0.284,0.076,0.096,0.092,0.188,Large,Time,10.722222221,11.9222222233333,21.8555555556667,140,NA,NA,NA,140,NA,NA,NA,960,NA,NA,NA,NA,NA,NA,NA,NA,NA,NA,NA,NA
10fp,10,Hypoxia acclimated,0.457,1.008,0.145,0.048,F,0.23,0.6,21.5,27.5,1.65,0.43,0.142,0.314,0.048,0.016,0.094,0.298,Large,Distance,535.330740333333,125.499290933333,341.165206933333,NA,760,NA,1480,1100,1100,1260,620,NA,NA,NA,NA,NA,NA,NA,NA,NA,NA,NA,NA,NA
10fp,10,Hypoxia acclimated,0.457,1.008,0.145,0.048,F,0.23,0.6,21.5,27.5,1.65,0.43,0.142,0.314,0.048,0.016,0.094,0.298,Large,Speed,6.46328719033333,6.707206761,6.81642629566667,NA,760,NA,1480,1100,1100,1260,620,NA,NA,NA,NA,NA,NA,NA,NA,NA,NA,NA,NA,NA
10fp,10,Hypoxia acclimated,0.457,1.008,0.145,0.048,F,0.23,0.6,21.5,27.5,1.65,0.43,0.142,0.314,0.048,0.016,0.094,0.298,Large,Time,82.77777778,18.71111111,49.78888889,NA,760,NA,1480,1100,1100,1260,620,NA,NA,NA,NA,NA,NA,NA,NA,NA,NA,NA,NA,NA
10mb,10,Hypoxia acclimated,0.595,0.8,0.021,0.282,M,0.13,0.14,17.5,18.5,0.13,0.14,0.158,0.213,0.005,0.067,0.153,0.146,NA,NA,NA,NA,NA,NA,NA,NA,NA,NA,NA,NA,NA,NA,NA,NA,NA,NA,NA,NA,NA,NA,NA,NA,NA,NA
10mg,10,Hypoxia acclimated,0.707,1.102,0.004,0.203,M,0.16,0.19,18.5,20.5,0.3,0.16,0.192,0.299,0.001,0.05,0.191,0.249,Large,Distance,NA,49.4556184333333,117.606463653333,140,760,120,140,120,140,100,120,140,NA,NA,NA,NA,NA,NA,NA,NA,NA,NA,NA,NA
10mg,10,Hypoxia acclimated,0.707,1.102,0.004,0.203,M,0.16,0.19,18.5,20.5,0.3,0.16,0.192,0.299,0.001,0.05,0.191,0.249,Large,Speed,NA,NA,NA,140,760,120,140,120,140,100,120,140,NA,NA,NA,NA,NA,NA,NA,NA,NA,NA,NA,NA
10mg,10,Hypoxia acclimated,0.707,1.102,0.004,0.203,M,0.16,0.19,18.5,20.5,0.3,0.16,0.192,0.299,0.001,0.05,0.191,0.249,Large,Time,47.52222222,2.2,9.75555555433333,140,760,120,140,120,140,100,120,140,NA,NA,NA,NA,NA,NA,NA,NA,NA,NA,NA,NA
10ml,10,Hypoxia acclimated,0.448,0.744,0.01,0.152,M,0.12,0.11,18,16.5,-0.15,0.13,0.118,0.196,0.002,0.035,0.116,0.161,Large,Distance,278.294430833333,7.03984812666667,189.17284946,NA,NA,NA,NA,NA,NA,NA,NA,NA,120,160,140,120,140,120,120,120,140,NA,NA,NA
10ml,10,Hypoxia acclimated,0.448,0.744,0.01,0.152,M,0.12,0.11,18,16.5,-0.15,0.13,0.118,0.196,0.002,0.035,0.116,0.161,Large,Speed,6.94284243,6.2116307,7.97718996466667,NA,NA,NA,NA,NA,NA,NA,NA,NA,120,160,140,120,140,120,120,120,140,NA,NA,NA
10ml,10,Hypoxia acclimated,0.448,0.744,0.01,0.152,M,0.12,0.11,18,16.5,-0.15,0.13,0.118,0.196,0.002,0.035,0.116,0.161,Large,Time,39.6777777766667,1.13333333333333,22.81111111,NA,NA,NA,NA,NA,NA,NA,NA,NA,120,160,140,120,140,120,120,120,140,NA,NA,NA
10mp,10,Hypoxia acclimated,0.544,0.659,0.025,0.188,M,0.16,0.17,20,19.5,0.1,0.17,0.149,0.18,0.006,0.047,0.143,0.133,Large,Distance,385.916472566667,241.686917033333,328.2896537,NA,NA,NA,NA,NA,NA,NA,NA,NA,NA,NA,NA,NA,NA,NA,NA,NA,NA,120,120,0
10mp,10,Hypoxia acclimated,0.544,0.659,0.025,0.188,M,0.16,0.17,20,19.5,0.1,0.17,0.149,0.18,0.006,0.047,0.143,0.133,Large,Speed,6.82273658633333,7.129407582,7.48868967766667,NA,NA,NA,NA,NA,NA,NA,NA,NA,NA,NA,NA,NA,NA,NA,NA,NA,NA,120,120,0
10mp,10,Hypoxia acclimated,0.544,0.659,0.025,0.188,M,0.16,0.17,20,19.5,0.1,0.17,0.149,0.18,0.006,0.047,0.143,0.133,Large,Time,56.4222222233333,33.9,42.3666666666667,NA,NA,NA,NA,NA,NA,NA,NA,NA,NA,NA,NA,NA,NA,NA,NA,NA,NA,120,120,0
11fb,11,Normoxia acclimated,0.579,1.276,0.205,0.429,F,0.21,0.19,20,21.5,-0.17,0.17,0.158,0.349,0.052,0.108,0.106,0.241,Random,Distance,17.6049923366667,237.030314766667,336.3755971,120,NA,NA,NA,NA,NA,200,NA,NA,NA,NA,NA,NA,NA,NA,NA,NA,NA,NA,NA,NA
11fb,11,Normoxia acclimated,0.579,1.276,0.205,0.429,F,0.21,0.19,20,21.5,-0.17,0.17,0.158,0.349,0.052,0.108,0.106,0.241,Random,Speed,6.117564905,7.0635799215,7.13269224,120,NA,NA,NA,NA,NA,200,NA,NA,NA,NA,NA,NA,NA,NA,NA,NA,NA,NA,NA,NA
11fb,11,Normoxia acclimated,0.579,1.276,0.205,0.429,F,0.21,0.19,20,21.5,-0.17,0.17,0.158,0.349,0.052,0.108,0.106,0.241,Random,Time,2.87777777766667,32.4777777766667,46.80000001,120,NA,NA,NA,NA,NA,200,NA,NA,NA,NA,NA,NA,NA,NA,NA,NA,NA,NA,NA,NA
11fg,11,Normoxia acclimated,0.429,0.714,0.284,0.322,F,0.23,0.61,23,29,1.68,0.76,0.145,0.241,0.11,0.125,0.035,0.116,Random,Distance,158.040509133333,120.5049685,189.702228033333,160,100,980,120,340,1020,NA,120,1060,NA,NA,NA,NA,NA,NA,NA,NA,NA,NA,NA,NA
11fg,11,Normoxia acclimated,0.429,0.714,0.284,0.322,F,0.23,0.61,23,29,1.68,0.76,0.145,0.241,0.11,0.125,0.035,0.116,Random,Speed,6.609500847,6.78233588,6.8437562915,160,100,980,120,340,1020,NA,120,1060,NA,NA,NA,NA,NA,NA,NA,NA,NA,NA,NA,NA
11fg,11,Normoxia acclimated,0.429,0.714,0.284,0.322,F,0.23,0.61,23,29,1.68,0.76,0.145,0.241,0.11,0.125,0.035,0.116,Random,Time,23.91111111,17.9,27.4666666666667,160,100,980,120,340,1020,NA,120,1060,NA,NA,NA,NA,NA,NA,NA,NA,NA,NA,NA,NA
11fl,11,Normoxia acclimated,0.528,0.485,0.326,0.218,F,0.18,0.58,20.5,18.5,2.02,0.58,0.172,0.158,0.117,0.078,0.055,0.08,Random,Distance,112.516352,312.625869133333,409.7251154,NA,NA,NA,NA,NA,NA,NA,NA,NA,NA,NA,NA,NA,NA,NA,NA,NA,NA,NA,NA,NA
11fl,11,Normoxia acclimated,0.528,0.485,0.326,0.218,F,0.18,0.58,20.5,18.5,2.02,0.58,0.172,0.158,0.117,0.078,0.055,0.08,Random,Speed,6.545876974,6.5450007465,7.0052675665,NA,NA,NA,NA,NA,NA,NA,NA,NA,NA,NA,NA,NA,NA,NA,NA,NA,NA,NA,NA,NA
11fl,11,Normoxia acclimated,0.528,0.485,0.326,0.218,F,0.18,0.58,20.5,18.5,2.02,0.58,0.172,0.158,0.117,0.078,0.055,0.08,Random,Time,17.18888889,47.6888888866667,58.1777777766667,NA,NA,NA,NA,NA,NA,NA,NA,NA,NA,NA,NA,NA,NA,NA,NA,NA,NA,NA,NA,NA
11mb,11,Normoxia acclimated,1.095,1.727,0.274,0.686,M,0.1,0.08,16,16,-0.38,0.08,0.27,0.425,0.055,0.139,0.215,0.286,Random,Distance,29.0473957166667,150.668786566667,238.4902721,120,NA,NA,2280,140,NA,NA,NA,NA,NA,NA,NA,NA,NA,NA,NA,NA,NA,NA,NA,NA
11mb,11,Normoxia acclimated,1.095,1.727,0.274,0.686,M,0.1,0.08,16,16,-0.38,0.08,0.27,0.425,0.055,0.139,0.215,0.286,Random,Speed,7.62176564,7.536744782,8.945881597,120,NA,NA,2280,140,NA,NA,NA,NA,NA,NA,NA,NA,NA,NA,NA,NA,NA,NA,NA,NA
11mb,11,Normoxia acclimated,1.095,1.727,0.274,0.686,M,0.1,0.08,16,16,-0.38,0.08,0.27,0.425,0.055,0.139,0.215,0.286,Random,Time,3.81111111,21.62222222,26.6222222233333,120,NA,NA,2280,140,NA,NA,NA,NA,NA,NA,NA,NA,NA,NA,NA,NA,NA,NA,NA,NA
11mg,11,Normoxia acclimated,1.119,1.298,0.363,0.524,M,0.1,0.12,17,17.5,0.31,0.12,0.292,0.338,0.083,0.119,0.209,0.219,Random,Distance,412.516881,325.358708866667,205.02626477,120,NA,380,620,820,1820,120,1320,NA,NA,NA,NA,NA,NA,NA,NA,NA,NA,NA,NA,NA
11mg,11,Normoxia acclimated,1.119,1.298,0.363,0.524,M,0.1,0.12,17,17.5,0.31,0.12,0.292,0.338,0.083,0.119,0.209,0.219,Random,Speed,NA,7.599786989,10.4968020465,120,NA,380,620,820,1820,120,1320,NA,NA,NA,NA,NA,NA,NA,NA,NA,NA,NA,NA,NA
11mg,11,Normoxia acclimated,1.119,1.298,0.363,0.524,M,0.1,0.12,17,17.5,0.31,0.12,0.292,0.338,0.083,0.119,0.209,0.219,Random,Time,10.6777777766667,42.8,25.1111111123333,120,NA,380,620,820,1820,120,1320,NA,NA,NA,NA,NA,NA,NA,NA,NA,NA,NA,NA,NA
11ml,11,Normoxia acclimated,0.662,1.051,0.214,0.451,M,0.12,0.14,17,18,0.27,0.14,0.176,0.28,0.051,0.107,0.125,0.173,Random,Distance,80.8087521333333,259.583395933333,722.3908047,120,80,120,660,120,880,NA,680,100,NA,NA,NA,NA,NA,NA,NA,NA,NA,NA,NA,NA
11ml,11,Normoxia acclimated,0.662,1.051,0.214,0.451,M,0.12,0.14,17,18,0.27,0.14,0.176,0.28,0.051,0.107,0.125,0.173,Random,Speed,7.054110275,8.5314246055,7.088844276,120,80,120,660,120,880,NA,680,100,NA,NA,NA,NA,NA,NA,NA,NA,NA,NA,NA,NA
11ml,11,Normoxia acclimated,0.662,1.051,0.214,0.451,M,0.12,0.14,17,18,0.27,0.14,0.176,0.28,0.051,0.107,0.125,0.173,Random,Time,11.4555555566667,32.2,102.477777766667,120,80,120,660,120,880,NA,680,100,NA,NA,NA,NA,NA,NA,NA,NA,NA,NA,NA,NA
11mp,11,Normoxia acclimated,1.164,1.531,0.312,0.495,M,0.11,0.12,17,17.5,0.15,0.12,0.303,0.399,0.071,0.113,0.232,0.286,Random,Distance,148.1142467,539.421261366667,474.0104189,120,NA,1320,120,720,80,100,NA,120,NA,NA,NA,NA,NA,NA,NA,NA,NA,NA,NA,NA
11mp,11,Normoxia acclimated,1.164,1.531,0.312,0.495,M,0.11,0.12,17,17.5,0.15,0.12,0.303,0.399,0.071,0.113,0.232,0.286,Random,Speed,6.205904191,6.588711755,7.2018341565,120,NA,1320,120,720,80,100,NA,120,NA,NA,NA,NA,NA,NA,NA,NA,NA,NA,NA,NA
11mp,11,Normoxia acclimated,1.164,1.531,0.312,0.495,M,0.11,0.12,17,17.5,0.15,0.12,0.303,0.399,0.071,0.113,0.232,0.286,Random,Time,23.8666666666667,81.8666666666667,65.9333333433333,120,NA,1320,120,720,80,100,NA,120,NA,NA,NA,NA,NA,NA,NA,NA,NA,NA,NA,NA
12fb,12,Hypoxia acclimated,0.457,0.558,0.177,0.221,F,0.17,0.62,19.5,27,2.23,0.44,0.143,0.174,0.059,0.073,0.084,0.101,Small,Distance,98.1330827333333,473.610495966667,334.4388828,1280,120,540,120,100,600,NA,100,560,NA,NA,NA,NA,NA,NA,NA,NA,NA,NA,NA,NA
12fb,12,Hypoxia acclimated,0.457,0.558,0.177,0.221,F,0.17,0.62,19.5,27,2.23,0.44,0.143,0.174,0.059,0.073,0.084,0.101,Small,Speed,7.378427274,7.85100785466667,10.4240919165,1280,120,540,120,100,600,NA,100,560,NA,NA,NA,NA,NA,NA,NA,NA,NA,NA,NA,NA
12fb,12,Hypoxia acclimated,0.457,0.558,0.177,0.221,F,0.17,0.62,19.5,27,2.23,0.44,0.143,0.174,0.059,0.073,0.084,0.101,Small,Time,13.3,62.1888888766667,37.3,1280,120,540,120,100,600,NA,100,560,NA,NA,NA,NA,NA,NA,NA,NA,NA,NA,NA,NA
12fg,12,Hypoxia acclimated,0.554,1.049,0.146,0.212,F,0.11,0.44,17.5,24.5,2.39,0.37,0.169,0.32,0.046,0.067,0.123,0.253,Small,Distance,48.4728040333333,589.704268466667,314.7293775,900,820,1100,1000,660,900,1060,140,NA,NA,NA,NA,NA,NA,NA,NA,NA,NA,NA,NA,NA
12fg,12,Hypoxia acclimated,0.554,1.049,0.146,0.212,F,0.11,0.44,17.5,24.5,2.39,0.37,0.169,0.32,0.046,0.067,0.123,0.253,Small,Speed,7.013749778,7.47110344633333,8.4521398895,900,820,1100,1000,660,900,1060,140,NA,NA,NA,NA,NA,NA,NA,NA,NA,NA,NA,NA,NA
12fg,12,Hypoxia acclimated,0.554,1.049,0.146,0.212,F,0.11,0.44,17.5,24.5,2.39,0.37,0.169,0.32,0.046,0.067,0.123,0.253,Small,Time,6.91111111,80.18888889,40.4777777766667,900,820,1100,1000,660,900,1060,140,NA,NA,NA,NA,NA,NA,NA,NA,NA,NA,NA,NA,NA
12fl,12,Hypoxia acclimated,0.582,1.014,0.169,0.238,F,0.16,0.38,19,24,1.49,0.32,0.174,0.303,0.051,0.072,0.123,0.231,Small,Distance,77.5300257,713.824613033333,268.518751965333,NA,540,NA,120,80,NA,620,NA,NA,NA,NA,NA,NA,NA,NA,NA,NA,NA,NA,NA,NA
12fl,12,Hypoxia acclimated,0.582,1.014,0.169,0.238,F,0.16,0.38,19,24,1.49,0.32,0.174,0.303,0.051,0.072,0.123,0.231,Small,Speed,7.650989379,7.85885577,5.310281974,NA,540,NA,120,80,NA,620,NA,NA,NA,NA,NA,NA,NA,NA,NA,NA,NA,NA,NA,NA
12fl,12,Hypoxia acclimated,0.582,1.014,0.169,0.238,F,0.16,0.38,19,24,1.49,0.32,0.174,0.303,0.051,0.072,0.123,0.231,Small,Time,10.1333333333333,92.3444444333333,31.8333333333333,NA,540,NA,120,80,NA,620,NA,NA,NA,NA,NA,NA,NA,NA,NA,NA,NA,NA,NA,NA
12fp,12,Hypoxia acclimated,0.509,0.81,0.113,0.196,F,0.17,0.43,19.5,25,1.6,0.37,0.155,0.247,0.036,0.062,0.119,0.185,Small,Distance,61.7424182666667,497.868789666667,237.2436588,100,120,1920,100,80,140,540,80,100,NA,NA,NA,NA,NA,NA,NA,NA,NA,NA,NA,NA
12fp,12,Hypoxia acclimated,0.509,0.81,0.113,0.196,F,0.17,0.43,19.5,25,1.6,0.37,0.155,0.247,0.036,0.062,0.119,0.185,Small,Speed,7.717802281,8.08223584033333,10.7460253235,100,120,1920,100,80,140,540,80,100,NA,NA,NA,NA,NA,NA,NA,NA,NA,NA,NA,NA
12fp,12,Hypoxia acclimated,0.509,0.81,0.113,0.196,F,0.17,0.43,19.5,25,1.6,0.37,0.155,0.247,0.036,0.062,0.119,0.185,Small,Time,8,60.69999999,24.1,100,120,1920,100,80,140,540,80,100,NA,NA,NA,NA,NA,NA,NA,NA,NA,NA,NA,NA
12ml,12,Hypoxia acclimated,0.741,1.118,0.072,0.309,M,0.12,0.14,18,18.5,0.27,0.13,0.195,0.295,0.017,0.072,0.178,0.223,Small,Distance,43.4556355,316.592148633333,78.9832245033333,2200,780,100,80,60,100,800,100,100,NA,NA,NA,NA,NA,NA,NA,NA,NA,NA,NA,NA
12ml,12,Hypoxia acclimated,0.741,1.118,0.072,0.309,M,0.12,0.14,18,18.5,0.27,0.13,0.195,0.295,0.017,0.072,0.178,0.223,Small,Speed,6.328490607,6.85071538533333,7.2310079765,2200,780,100,80,60,100,800,100,100,NA,NA,NA,NA,NA,NA,NA,NA,NA,NA,NA,NA
12ml,12,Hypoxia acclimated,0.741,1.118,0.072,0.309,M,0.12,0.14,18,18.5,0.27,0.13,0.195,0.295,0.017,0.072,0.178,0.223,Small,Time,6.86666666666667,47.8,10.9666666666667,2200,780,100,80,60,100,800,100,100,NA,NA,NA,NA,NA,NA,NA,NA,NA,NA,NA,NA
12mp,12,Hypoxia acclimated,0.422,0.857,0.1,0.254,M,0.08,0.09,16,16.5,0.2,0.09,0.106,0.214,0.021,0.053,0.085,0.161,Small,Distance,72.5567246333333,471.408515266667,163.752852933333,2400,NA,700,0,120,1020,NA,NA,NA,NA,NA,NA,NA,NA,NA,NA,NA,NA,NA,NA,NA
12mp,12,Hypoxia acclimated,0.422,0.857,0.1,0.254,M,0.08,0.09,16,16.5,0.2,0.09,0.106,0.214,0.021,0.053,0.085,0.161,Small,Speed,6.309280402,8.325588191,8.684594439,2400,NA,700,0,120,1020,NA,NA,NA,NA,NA,NA,NA,NA,NA,NA,NA,NA,NA,NA,NA
12mp,12,Hypoxia acclimated,0.422,0.857,0.1,0.254,M,0.08,0.09,16,16.5,0.2,0.09,0.106,0.214,0.021,0.053,0.085,0.161,Small,Time,11.5,57.5666666666667,18.8555555566667,2400,NA,700,0,120,1020,NA,NA,NA,NA,NA,NA,NA,NA,NA,NA,NA,NA,NA,NA,NA
1fb,1,Hypoxia acclimated,0.619,0.528,0.219,0.305,F,0.16,0.3,19,22,1.08,0.28,0.182,0.155,0.064,0.089,0.118,0.066,Random,Distance,215.285976333333,373.265214733333,385.696474733333,NA,100,120,200,NA,100,NA,NA,680,NA,NA,NA,NA,NA,NA,NA,NA,NA,NA,NA,NA
1fb,1,Hypoxia acclimated,0.619,0.528,0.219,0.305,F,0.16,0.3,19,22,1.08,0.28,0.182,0.155,0.064,0.089,0.118,0.066,Random,Speed,7.4513145235,7.636885864,8.29323337,NA,100,120,200,NA,100,NA,NA,680,NA,NA,NA,NA,NA,NA,NA,NA,NA,NA,NA,NA
1fb,1,Hypoxia acclimated,0.619,0.528,0.219,0.305,F,0.16,0.3,19,22,1.08,0.28,0.182,0.155,0.064,0.089,0.118,0.066,Random,Time,30.9,48.77777778,48.0666666666667,NA,100,120,200,NA,100,NA,NA,680,NA,NA,NA,NA,NA,NA,NA,NA,NA,NA,NA,NA
1fg,1,Hypoxia acclimated,0.628,1.035,0.172,0.272,F,0.23,0.45,20.5,25.5,1.16,0.41,0.194,0.32,0.056,0.088,0.138,0.232,Random,Distance,313.477951733333,672.355696666667,435.755784533333,NA,NA,NA,NA,NA,NA,NA,NA,NA,NA,NA,NA,NA,NA,NA,NA,NA,NA,1460,140,0
1fg,1,Hypoxia acclimated,0.628,1.035,0.172,0.272,F,0.23,0.45,20.5,25.5,1.16,0.41,0.194,0.32,0.056,0.088,0.138,0.232,Random,Speed,6.6034850995,7.6752413595,7.1586014945,NA,NA,NA,NA,NA,NA,NA,NA,NA,NA,NA,NA,NA,NA,NA,NA,NA,NA,1460,140,0
1fg,1,Hypoxia acclimated,0.628,1.035,0.172,0.272,F,0.23,0.45,20.5,25.5,1.16,0.41,0.194,0.32,0.056,0.088,0.138,0.232,Random,Time,45.5888888766667,86.1222222333333,60.9222222333333,NA,NA,NA,NA,NA,NA,NA,NA,NA,NA,NA,NA,NA,NA,NA,NA,NA,NA,1460,140,0
1fl,1,Hypoxia acclimated,0.641,0.769,0.087,0.149,F,0.24,0.57,22.5,28.5,1.49,0.52,0.205,0.246,0.03,0.052,0.175,0.194,Random,Distance,435.358933733333,185.580218006667,494.774555606667,NA,980,NA,NA,NA,NA,NA,NA,NA,NA,NA,NA,NA,NA,NA,NA,NA,NA,NA,NA,NA
1fl,1,Hypoxia acclimated,0.641,0.769,0.087,0.149,F,0.24,0.57,22.5,28.5,1.49,0.52,0.205,0.246,0.03,0.052,0.175,0.194,Random,Speed,NA,7.1412637485,8.6525703465,NA,980,NA,NA,NA,NA,NA,NA,NA,NA,NA,NA,NA,NA,NA,NA,NA,NA,NA,NA,NA
1fl,1,Hypoxia acclimated,0.641,0.769,0.087,0.149,F,0.24,0.57,22.5,28.5,1.49,0.52,0.205,0.246,0.03,0.052,0.175,0.194,Random,Time,46.3222222233333,25.21111111,63.1111111223333,NA,980,NA,NA,NA,NA,NA,NA,NA,NA,NA,NA,NA,NA,NA,NA,NA,NA,NA,NA,NA
1fp,1,Hypoxia acclimated,0.881,1.255,0.175,0.351,F,0.19,0.2,20.5,21.5,0.09,0.19,0.245,0.349,0.046,0.091,0.199,0.258,Random,Distance,393.188145233333,404.9662401,912.439000033333,100,140,160,120,120,140,NA,160,NA,NA,NA,NA,NA,NA,NA,NA,NA,NA,NA,NA,NA
1fp,1,Hypoxia acclimated,0.881,1.255,0.175,0.351,F,0.19,0.2,20.5,21.5,0.09,0.19,0.245,0.349,0.046,0.091,0.199,0.258,Random,Speed,7.415030787,8.066065088,7.2703526915,100,140,160,120,120,140,NA,160,NA,NA,NA,NA,NA,NA,NA,NA,NA,NA,NA,NA,NA
1fp,1,Hypoxia acclimated,0.881,1.255,0.175,0.351,F,0.19,0.2,20.5,21.5,0.09,0.19,0.245,0.349,0.046,0.091,0.199,0.258,Random,Time,55.9888888766667,51.2333333333333,120.866666666667,100,140,160,120,120,140,NA,160,NA,NA,NA,NA,NA,NA,NA,NA,NA,NA,NA,NA,NA
1mb,1,Hypoxia acclimated,1.234,1.097,0.268,0.533,M,0.1,0.12,16,18,0.31,0.11,0.318,0.282,0.059,0.118,0.259,0.164,Random,Distance,159.046013833333,481.403117433333,441.2769204,340,200,NA,1560,NA,NA,NA,1040,NA,NA,NA,NA,NA,NA,NA,NA,NA,NA,NA,NA,NA
1mb,1,Hypoxia acclimated,1.234,1.097,0.268,0.533,M,0.1,0.12,16,18,0.31,0.11,0.318,0.282,0.059,0.118,0.259,0.164,Random,Speed,8.942015123,7.9718806835,7.471054301,340,200,NA,1560,NA,NA,NA,1040,NA,NA,NA,NA,NA,NA,NA,NA,NA,NA,NA,NA,NA
1mb,1,Hypoxia acclimated,1.234,1.097,0.268,0.533,M,0.1,0.12,16,18,0.31,0.11,0.318,0.282,0.059,0.118,0.259,0.164,Random,Time,18.52222222,65.60000001,59.1333333433333,340,200,NA,1560,NA,NA,NA,1040,NA,NA,NA,NA,NA,NA,NA,NA,NA,NA,NA,NA,NA
1mg,1,Hypoxia acclimated,0.744,0.724,0.256,0.478,M,0.14,0.17,18.5,19,0.33,0.15,0.2,0.195,0.062,0.116,0.138,0.079,Random,Distance,334.332004333333,330.497665966667,129.99254348,NA,600,120,NA,580,NA,2040,540,NA,NA,NA,NA,NA,NA,NA,NA,NA,NA,NA,NA,NA
1mg,1,Hypoxia acclimated,0.744,0.724,0.256,0.478,M,0.14,0.17,18.5,19,0.33,0.15,0.2,0.195,0.062,0.116,0.138,0.079,Random,Speed,NA,NA,9.495388505,NA,600,120,NA,580,NA,2040,540,NA,NA,NA,NA,NA,NA,NA,NA,NA,NA,NA,NA,NA
1mg,1,Hypoxia acclimated,0.744,0.724,0.256,0.478,M,0.14,0.17,18.5,19,0.33,0.15,0.2,0.195,0.062,0.116,0.138,0.079,Random,Time,37.2444444433333,27.21111111,13.5444444433333,NA,600,120,NA,580,NA,2040,540,NA,NA,NA,NA,NA,NA,NA,NA,NA,NA,NA,NA,NA
1ml,1,Hypoxia acclimated,1.227,1.214,0.328,0.505,M,0.13,0.14,17.5,18.5,0.13,0.12,0.32,0.316,0.075,0.115,0.245,0.201,Random,Distance,585.582229933333,627.829027,219.240334733333,NA,NA,NA,NA,NA,NA,NA,NA,NA,120,140,840,100,120,380,800,120,800,NA,NA,NA
1ml,1,Hypoxia acclimated,1.227,1.214,0.328,0.505,M,0.13,0.14,17.5,18.5,0.13,0.12,0.32,0.316,0.075,0.115,0.245,0.201,Random,Speed,7.1618878615,7.6499533095,8.181302676,NA,NA,NA,NA,NA,NA,NA,NA,NA,120,140,840,100,120,380,800,120,800,NA,NA,NA
1ml,1,Hypoxia acclimated,1.227,1.214,0.328,0.505,M,0.13,0.14,17.5,18.5,0.13,0.12,0.32,0.316,0.075,0.115,0.245,0.201,Random,Time,80.9555555433333,83.4333333433333,25.1333333333333,NA,NA,NA,NA,NA,NA,NA,NA,NA,120,140,840,100,120,380,800,120,800,NA,NA,NA
1mp,1,Hypoxia acclimated,1.319,1.155,0.288,0.481,M,0.13,0.16,19.5,19.5,0.36,0.16,0.358,0.313,0.071,0.119,0.287,0.194,Random,Distance,419.994725866667,274.7565803,619.303788666667,120,NA,140,560,100,100,140,700,2680,NA,NA,NA,NA,NA,NA,NA,NA,NA,NA,NA,NA
1mp,1,Hypoxia acclimated,1.319,1.155,0.288,0.481,M,0.13,0.16,19.5,19.5,0.36,0.16,0.358,0.313,0.071,0.119,0.287,0.194,Random,Speed,7.838510736,9.4639912285,7.3489586325,120,NA,140,560,100,100,140,700,2680,NA,NA,NA,NA,NA,NA,NA,NA,NA,NA,NA,NA
1mp,1,Hypoxia acclimated,1.319,1.155,0.288,0.481,M,0.13,0.16,19.5,19.5,0.36,0.16,0.358,0.313,0.071,0.119,0.287,0.194,Random,Time,54.1555555433333,30.7,84,120,NA,140,560,100,100,140,700,2680,NA,NA,NA,NA,NA,NA,NA,NA,NA,NA,NA,NA
2fb,2,Normoxia acclimated,0.642,1.306,0.167,0.253,F,0.17,0.72,19,30,2.49,0.44,0.201,0.408,0.055,0.084,0.146,0.324,Small,Distance,NA,NA,1080.38077673333,100,100,120,140,NA,120,140,120,NA,NA,NA,NA,NA,NA,NA,NA,NA,NA,NA,NA,NA
2fb,2,Normoxia acclimated,0.642,1.306,0.167,0.253,F,0.17,0.72,19,30,2.49,0.44,0.201,0.408,0.055,0.084,0.146,0.324,Small,Speed,6.74789161166667,6.95997818333333,7.578514641,100,100,120,140,NA,120,140,120,NA,NA,NA,NA,NA,NA,NA,NA,NA,NA,NA,NA,NA
2fb,2,Normoxia acclimated,0.642,1.306,0.167,0.253,F,0.17,0.72,19,30,2.49,0.44,0.201,0.408,0.055,0.084,0.146,0.324,Small,Time,NA,NA,139.022222233333,100,100,120,140,NA,120,140,120,NA,NA,NA,NA,NA,NA,NA,NA,NA,NA,NA,NA,NA
2fg,2,Normoxia acclimated,0.379,1.129,0.195,0.195,F,0.12,0.34,18.5,23,1.8,0.25,0.109,0.326,0.055,0.055,0.054,0.271,Small,Distance,346.95567288,844.239029033333,927.4877115,900,400,160,NA,NA,480,940,980,NA,NA,NA,NA,NA,NA,NA,NA,NA,NA,NA,NA,NA
2fg,2,Normoxia acclimated,0.379,1.129,0.195,0.195,F,0.12,0.34,18.5,23,1.8,0.25,0.109,0.326,0.055,0.055,0.054,0.271,Small,Speed,6.516478486,7.550720158,7.437328727,900,400,160,NA,NA,480,940,980,NA,NA,NA,NA,NA,NA,NA,NA,NA,NA,NA,NA,NA
2fg,2,Normoxia acclimated,0.379,1.129,0.195,0.195,F,0.12,0.34,18.5,23,1.8,0.25,0.109,0.326,0.055,0.055,0.054,0.271,Small,Time,53.6222222223333,108.72222221,120.01111111,900,400,160,NA,NA,480,940,980,NA,NA,NA,NA,NA,NA,NA,NA,NA,NA,NA,NA,NA
2fl,2,Normoxia acclimated,0.402,0.899,0.227,0.208,F,0.29,0.54,23.5,27.5,1.07,0.51,0.128,0.287,0.079,0.072,0.049,0.215,Small,Distance,403.5865085,543.045,501.651858633333,140,NA,NA,2860,NA,NA,NA,100,NA,NA,NA,NA,NA,NA,NA,NA,NA,NA,NA,NA,NA
2fl,2,Normoxia acclimated,0.402,0.899,0.227,0.208,F,0.29,0.54,23.5,27.5,1.07,0.51,0.128,0.287,0.079,0.072,0.049,0.215,Small,Speed,6.97842286666667,7.67837839866667,7.34325367,140,NA,NA,2860,NA,NA,NA,100,NA,NA,NA,NA,NA,NA,NA,NA,NA,NA,NA,NA,NA
2fl,2,Normoxia acclimated,0.402,0.899,0.227,0.208,F,0.29,0.54,23.5,27.5,1.07,0.51,0.128,0.287,0.079,0.072,0.049,0.215,Small,Time,58.9,72.3222222133333,67.6777777766667,140,NA,NA,2860,NA,NA,NA,100,NA,NA,NA,NA,NA,NA,NA,NA,NA,NA,NA,NA,NA
2fp,2,Normoxia acclimated,0.557,0.92,0.171,0.215,F,0.3,0.58,23.5,28.5,1.14,0.43,0.174,0.287,0.056,0.071,0.118,0.216,Small,Distance,181.17295323,218.38733764,385.004591266667,NA,NA,NA,NA,NA,NA,NA,NA,NA,NA,NA,NA,NA,NA,NA,NA,NA,NA,NA,NA,NA
2fp,2,Normoxia acclimated,0.557,0.92,0.171,0.215,F,0.3,0.58,23.5,28.5,1.14,0.43,0.174,0.287,0.056,0.071,0.118,0.216,Small,Speed,6.34928698,6.79678520366667,6.798214794,NA,NA,NA,NA,NA,NA,NA,NA,NA,NA,NA,NA,NA,NA,NA,NA,NA,NA,NA,NA,NA
2fp,2,Normoxia acclimated,0.557,0.92,0.171,0.215,F,0.3,0.58,23.5,28.5,1.14,0.43,0.174,0.287,0.056,0.071,0.118,0.216,Small,Time,28.4555555566667,34.077777778,54.57777779,NA,NA,NA,NA,NA,NA,NA,NA,NA,NA,NA,NA,NA,NA,NA,NA,NA,NA,NA,NA,NA
2mb,2,Normoxia acclimated,0.175,0.595,0.15,0.111,M,0.05,0.07,15.5,16,0.58,0.09,0.044,0.149,0.031,0.023,0.013,0.126,Small,Distance,522.945961666667,887.243247066667,619.658723766667,NA,NA,140,120,80,120,140,120,140,NA,NA,NA,NA,NA,NA,NA,NA,NA,NA,NA,NA
2mb,2,Normoxia acclimated,0.175,0.595,0.15,0.111,M,0.05,0.07,15.5,16,0.58,0.09,0.044,0.149,0.031,0.023,0.013,0.126,Small,Speed,6.64163567,7.24192338566667,7.2725337655,NA,NA,140,120,80,120,140,120,140,NA,NA,NA,NA,NA,NA,NA,NA,NA,NA,NA,NA
2mb,2,Normoxia acclimated,0.175,0.595,0.15,0.111,M,0.05,0.07,15.5,16,0.58,0.09,0.044,0.149,0.031,0.023,0.013,0.126,Small,Time,78.52222222,118.255555556667,85.6222222,NA,NA,140,120,80,120,140,120,140,NA,NA,NA,NA,NA,NA,NA,NA,NA,NA,NA,NA
2mg,2,Normoxia acclimated,0.271,1.384,0.295,0.292,M,0.06,0.07,15.5,15.5,0.27,0.07,0.065,0.334,0.057,0.057,0.008,0.277,Small,Distance,227.391685166667,463.429537066667,294.945170333333,60,120,80,120,100,100,NA,NA,820,NA,NA,NA,NA,NA,NA,NA,NA,NA,NA,NA,NA
2mg,2,Normoxia acclimated,0.271,1.384,0.295,0.292,M,0.06,0.07,15.5,15.5,0.27,0.07,0.065,0.334,0.057,0.057,0.008,0.277,Small,Speed,7.16748785233333,7.18390458033333,7.390851289,60,120,80,120,100,100,NA,NA,820,NA,NA,NA,NA,NA,NA,NA,NA,NA,NA,NA,NA
2mg,2,Normoxia acclimated,0.271,1.384,0.295,0.292,M,0.06,0.07,15.5,15.5,0.27,0.07,0.065,0.334,0.057,0.057,0.008,0.277,Small,Time,35.1666666666667,63.81111111,38.72222222,60,120,80,120,100,100,NA,NA,820,NA,NA,NA,NA,NA,NA,NA,NA,NA,NA,NA,NA
2ml,2,Normoxia acclimated,0.305,0.78,0.001,0.224,M,0.09,0.1,15.5,17.5,0.18,0.14,0.081,0.208,0,0.053,0.081,0.155,Small,Distance,NA,NA,721.1841605,140,740,1060,2020,NA,220,440,340,NA,NA,NA,NA,NA,NA,NA,NA,NA,NA,NA,NA,NA
2ml,2,Normoxia acclimated,0.305,0.78,0.001,0.224,M,0.09,0.1,15.5,17.5,0.18,0.14,0.081,0.208,0,0.053,0.081,0.155,Small,Speed,6.874212103,7.55486086566667,8.370172528,140,740,1060,2020,NA,220,440,340,NA,NA,NA,NA,NA,NA,NA,NA,NA,NA,NA,NA,NA
2ml,2,Normoxia acclimated,0.305,0.78,0.001,0.224,M,0.09,0.1,15.5,17.5,0.18,0.14,0.081,0.208,0,0.053,0.081,0.155,Small,Time,NA,NA,85.2333333333333,140,740,1060,2020,NA,220,440,340,NA,NA,NA,NA,NA,NA,NA,NA,NA,NA,NA,NA,NA
2mp,2,Normoxia acclimated,0.545,0.969,0.027,0.291,M,0.12,0.13,17,18,0.14,0.13,0.144,0.255,0.006,0.068,0.138,0.187,Small,Distance,542.412939556667,391.479725733333,475.105283813333,900,500,400,80,NA,340,NA,NA,NA,NA,NA,NA,NA,NA,NA,NA,NA,NA,NA,NA,NA
2mp,2,Normoxia acclimated,0.545,0.969,0.027,0.291,M,0.12,0.13,17,18,0.14,0.13,0.144,0.255,0.006,0.068,0.138,0.187,Small,Speed,6.81707005633333,7.74119814533333,7.4533748555,900,500,400,80,NA,340,NA,NA,NA,NA,NA,NA,NA,NA,NA,NA,NA,NA,NA,NA,NA
2mp,2,Normoxia acclimated,0.545,0.969,0.027,0.291,M,0.12,0.13,17,18,0.14,0.13,0.144,0.255,0.006,0.068,0.138,0.187,Small,Time,75.7444444333333,53.41111111,65.1444444566667,900,500,400,80,NA,340,NA,NA,NA,NA,NA,NA,NA,NA,NA,NA,NA,NA,NA,NA,NA
3fb,3,Hypoxia acclimated,0.641,1.123,0.286,0.327,F,0.22,0.58,21.5,26.5,1.67,0.45,0.201,0.352,0.096,0.109,0.105,0.243,Random,Distance,588.223099066667,1153.5050646,799.974114633333,100,880,NA,NA,640,1660,600,400,380,NA,NA,NA,NA,NA,NA,NA,NA,NA,NA,NA,NA
3fb,3,Hypoxia acclimated,0.641,1.123,0.286,0.327,F,0.22,0.58,21.5,26.5,1.67,0.45,0.201,0.352,0.096,0.109,0.105,0.243,Random,Speed,7.46190950566667,7.62907344033333,10.3707353906667,100,880,NA,NA,640,1660,600,400,380,NA,NA,NA,NA,NA,NA,NA,NA,NA,NA,NA,NA
3fb,3,Hypoxia acclimated,0.641,1.123,0.286,0.327,F,0.22,0.58,21.5,26.5,1.67,0.45,0.201,0.352,0.096,0.109,0.105,0.243,Random,Time,80.9444444466667,150.333333343333,59.40000001,100,880,NA,NA,640,1660,600,400,380,NA,NA,NA,NA,NA,NA,NA,NA,NA,NA,NA,NA
3fg,3,Hypoxia acclimated,0.381,0.657,0.213,0.254,F,0.3,0.82,23.5,30,1.73,0.93,0.132,0.228,0.088,0.105,0.044,0.123,Random,Distance,172.868832333333,284.264011326667,382.6408998,NA,NA,NA,NA,NA,NA,NA,NA,NA,NA,NA,NA,NA,NA,NA,NA,NA,NA,140,140,0
3fg,3,Hypoxia acclimated,0.381,0.657,0.213,0.254,F,0.3,0.82,23.5,30,1.73,0.93,0.132,0.228,0.088,0.105,0.044,0.123,Random,Speed,7.01729989966667,7.589321984,7.75619988233333,NA,NA,NA,NA,NA,NA,NA,NA,NA,NA,NA,NA,NA,NA,NA,NA,NA,NA,140,140,0
3fg,3,Hypoxia acclimated,0.381,0.657,0.213,0.254,F,0.3,0.82,23.5,30,1.73,0.93,0.132,0.228,0.088,0.105,0.044,0.123,Random,Time,25.2,39.7666666666667,47.8,NA,NA,NA,NA,NA,NA,NA,NA,NA,NA,NA,NA,NA,NA,NA,NA,NA,NA,140,140,0
3fl,3,Hypoxia acclimated,0.482,0.897,0.244,0.283,F,0.22,0.69,21.5,27.5,1.97,0.72,0.161,0.3,0.093,0.108,0.068,0.192,Random,Distance,249.662121,342.967434333333,319.663751866667,NA,120,120,NA,NA,920,140,80,900,NA,NA,NA,NA,NA,NA,NA,NA,NA,NA,NA,NA
3fl,3,Hypoxia acclimated,0.482,0.897,0.244,0.283,F,0.22,0.69,21.5,27.5,1.97,0.72,0.161,0.3,0.093,0.108,0.068,0.192,Random,Speed,6.67444506233333,7.184085916,7.76205497533333,NA,120,120,NA,NA,920,140,80,900,NA,NA,NA,NA,NA,NA,NA,NA,NA,NA,NA,NA
3fl,3,Hypoxia acclimated,0.482,0.897,0.244,0.283,F,0.22,0.69,21.5,27.5,1.97,0.72,0.161,0.3,0.093,0.108,0.068,0.192,Random,Time,38.7666666666667,48.07777778,41.3222222233333,NA,120,120,NA,NA,920,140,80,900,NA,NA,NA,NA,NA,NA,NA,NA,NA,NA,NA,NA
3fp,3,Hypoxia acclimated,0.54,1.215,0.175,0.291,F,0.18,0.25,20.5,23,0.57,0.29,0.159,0.358,0.051,0.086,0.108,0.272,Random,Distance,653.51964671,901.289598333333,431.440942633333,100,NA,NA,NA,NA,NA,120,NA,1700,NA,NA,NA,NA,NA,NA,NA,NA,NA,NA,NA,NA
3fp,3,Hypoxia acclimated,0.54,1.215,0.175,0.291,F,0.18,0.25,20.5,23,0.57,0.29,0.159,0.358,0.051,0.086,0.108,0.272,Random,Speed,7.00528135933333,7.21504061733333,7.01658767333333,100,NA,NA,NA,NA,NA,120,NA,1700,NA,NA,NA,NA,NA,NA,NA,NA,NA,NA,NA,NA
3fp,3,Hypoxia acclimated,0.54,1.215,0.175,0.291,F,0.18,0.25,20.5,23,0.57,0.29,0.159,0.358,0.051,0.086,0.108,0.272,Random,Time,88.000000001,119.2111111,61.5111111133333,100,NA,NA,NA,NA,NA,120,NA,1700,NA,NA,NA,NA,NA,NA,NA,NA,NA,NA,NA,NA
3mg,3,Hypoxia acclimated,0.341,0.798,0.442,0.548,M,0.11,0.12,18,18,0.15,0.12,0.089,0.208,0.101,0.125,-0.012,0.083,Random,Distance,NA,979.684966433333,848.335429633333,120,100,660,1160,960,700,300,560,500,NA,NA,NA,NA,NA,NA,NA,NA,NA,NA,NA,NA
3mg,3,Hypoxia acclimated,0.341,0.798,0.442,0.548,M,0.11,0.12,18,18,0.15,0.12,0.089,0.208,0.101,0.125,-0.012,0.083,Random,Speed,8.29692361033333,8.62019767866667,NA,120,100,660,1160,960,700,300,560,500,NA,NA,NA,NA,NA,NA,NA,NA,NA,NA,NA,NA
3mg,3,Hypoxia acclimated,0.341,0.798,0.442,0.548,M,0.11,0.12,18,18,0.15,0.12,0.089,0.208,0.101,0.125,-0.012,0.083,Random,Time,NA,126.455555553333,71.6444444433333,120,100,660,1160,960,700,300,560,500,NA,NA,NA,NA,NA,NA,NA,NA,NA,NA,NA,NA
3ml,3,Hypoxia acclimated,0.755,1.197,0.292,0.572,M,0.12,0.12,17.5,18,0,0.11,0.194,0.308,0.065,0.127,0.129,0.181,Random,Distance,NA,1106.48987656667,NA,120,680,80,100,100,100,120,NA,120,NA,NA,NA,NA,NA,NA,NA,NA,NA,NA,NA,NA
3ml,3,Hypoxia acclimated,0.755,1.197,0.292,0.572,M,0.12,0.12,17.5,18,0,0.11,0.194,0.308,0.065,0.127,0.129,0.181,Random,Speed,6.69934722133333,7.313614696,7.022758704,120,680,80,100,100,100,120,NA,120,NA,NA,NA,NA,NA,NA,NA,NA,NA,NA,NA,NA
3ml,3,Hypoxia acclimated,0.755,1.197,0.292,0.572,M,0.12,0.12,17.5,18,0,0.11,0.194,0.308,0.065,0.127,0.129,0.181,Random,Time,NA,149.555555533333,NA,120,680,80,100,100,100,120,NA,120,NA,NA,NA,NA,NA,NA,NA,NA,NA,NA,NA,NA
3mp,3,Hypoxia acclimated,0.564,1.162,0.079,0.4,M,0.15,0.16,18.5,19,0.11,0.16,0.153,0.315,0.02,0.099,0.133,0.216,Random,Distance,662.297588166667,684.5005693,661.0267394,100,60,100,100,100,100,60,NA,660,NA,NA,NA,NA,NA,NA,NA,NA,NA,NA,NA,NA
3mp,3,Hypoxia acclimated,0.564,1.162,0.079,0.4,M,0.15,0.16,18.5,19,0.11,0.16,0.153,0.315,0.02,0.099,0.133,0.216,Random,Speed,6.71749235166667,7.43019318266667,7.369903227,100,60,100,100,100,100,60,NA,660,NA,NA,NA,NA,NA,NA,NA,NA,NA,NA,NA,NA
3mp,3,Hypoxia acclimated,0.564,1.162,0.079,0.4,M,0.15,0.16,18.5,19,0.11,0.16,0.153,0.315,0.02,0.099,0.133,0.216,Random,Time,98.6333333433333,94.1555555666667,88.6777777866667,100,60,100,100,100,100,60,NA,660,NA,NA,NA,NA,NA,NA,NA,NA,NA,NA,NA,NA
4fb,4,Normoxia acclimated,NA,0.767,0.221,0.302,F,0.16,0.52,20,26.5,2.03,NA,NA,NA,NA,NA,NA,NA,Random,Distance,326.327740933333,577.7807389,565.2334855,NA,NA,NA,NA,NA,NA,NA,NA,NA,100,0,400,200,560,280,460,180,940,NA,NA,NA
4fb,4,Normoxia acclimated,NA,0.767,0.221,0.302,F,0.16,0.52,20,26.5,2.03,NA,NA,NA,NA,NA,NA,NA,Random,Speed,7.7660044445,7.4283253415,7.3983203815,NA,NA,NA,NA,NA,NA,NA,NA,NA,100,0,400,200,560,280,460,180,940,NA,NA,NA
4fb,4,Normoxia acclimated,NA,0.767,0.221,0.302,F,0.16,0.52,20,26.5,2.03,NA,NA,NA,NA,NA,NA,NA,Random,Time,42.7666666666667,78.1,77.9555555566667,NA,NA,NA,NA,NA,NA,NA,NA,NA,100,0,400,200,560,280,460,180,940,NA,NA,NA
4fg,4,Normoxia acclimated,0.461,0.774,0.283,0.329,F,0.23,0.8,22,30.5,2.15,0.72,0.154,0.259,0.108,0.126,0.046,0.133,Random,Distance,166.94581772,249.218391633333,327.823591263333,540,120,760,680,1580,740,120,580,1680,NA,NA,NA,NA,NA,NA,NA,NA,NA,NA,NA,NA
4fg,4,Normoxia acclimated,0.461,0.774,0.283,0.329,F,0.23,0.8,22,30.5,2.15,0.72,0.154,0.259,0.108,0.126,0.046,0.133,Random,Speed,7.4602679975,6.980081476,7.9695387745,540,120,760,680,1580,740,120,580,1680,NA,NA,NA,NA,NA,NA,NA,NA,NA,NA,NA,NA
4fg,4,Normoxia acclimated,0.461,0.774,0.283,0.329,F,0.23,0.8,22,30.5,2.15,0.72,0.154,0.259,0.108,0.126,0.046,0.133,Random,Time,21.6777777766667,35.5555555566667,44.911111111,540,120,760,680,1580,740,120,580,1680,NA,NA,NA,NA,NA,NA,NA,NA,NA,NA,NA,NA
4fl,4,Normoxia acclimated,0.493,0.972,0.188,0.3,F,0.19,0.35,20,25,1.05,0.39,0.152,0.299,0.06,0.096,0.092,0.203,Random,Distance,303.953041,766.607404833333,612.228778766667,640,NA,NA,NA,NA,480,140,NA,NA,NA,NA,NA,NA,NA,NA,NA,NA,NA,NA,NA,NA
4fl,4,Normoxia acclimated,0.493,0.972,0.188,0.3,F,0.19,0.35,20,25,1.05,0.39,0.152,0.299,0.06,0.096,0.092,0.203,Random,Speed,6.375099353,6.9234922045,7.1285617595,640,NA,NA,NA,NA,480,140,NA,NA,NA,NA,NA,NA,NA,NA,NA,NA,NA,NA,NA,NA
4fl,4,Normoxia acclimated,0.493,0.972,0.188,0.3,F,0.19,0.35,20,25,1.05,0.39,0.152,0.299,0.06,0.096,0.092,0.203,Random,Time,47.37777779,109.855555533333,84.7666666666667,640,NA,NA,NA,NA,480,140,NA,NA,NA,NA,NA,NA,NA,NA,NA,NA,NA,NA,NA,NA
4fp,4,Normoxia acclimated,0.523,0.964,0.181,0.301,F,0.17,0.62,20,27,2.23,0.43,0.163,0.3,0.06,0.099,0.103,0.201,Random,Distance,81.5539029333333,246.115554066667,194.405252936667,NA,NA,NA,NA,NA,NA,NA,NA,NA,NA,NA,NA,NA,NA,NA,NA,NA,NA,140,840,140
4fp,4,Normoxia acclimated,0.523,0.964,0.181,0.301,F,0.17,0.62,20,27,2.23,0.43,0.163,0.3,0.06,0.099,0.103,0.201,Random,Speed,7.512657187,7.81962311,6.912504967,NA,NA,NA,NA,NA,NA,NA,NA,NA,NA,NA,NA,NA,NA,NA,NA,NA,NA,140,840,140
4fp,4,Normoxia acclimated,0.523,0.964,0.181,0.301,F,0.17,0.62,20,27,2.23,0.43,0.163,0.3,0.06,0.099,0.103,0.201,Random,Time,11.3111111133333,31.9333333333333,28.01111111,NA,NA,NA,NA,NA,NA,NA,NA,NA,NA,NA,NA,NA,NA,NA,NA,NA,NA,140,840,140
4mb,4,Normoxia acclimated,0.901,1.09,0.185,0.608,M,0.09,0.01,16,17,-3.79,0.1,0.229,0.277,0.04,0.131,0.189,0.146,Random,Distance,223.055837,334.4258436,239.432836403333,120,120,120,NA,1420,900,680,1100,100,NA,NA,NA,NA,NA,NA,NA,NA,NA,NA,NA,NA
4mb,4,Normoxia acclimated,0.901,1.09,0.185,0.608,M,0.09,0.01,16,17,-3.79,0.1,0.229,0.277,0.04,0.131,0.189,0.146,Random,Speed,6.4940523995,6.7663908145,6.7506118105,120,120,120,NA,1420,900,680,1100,100,NA,NA,NA,NA,NA,NA,NA,NA,NA,NA,NA,NA
4mb,4,Normoxia acclimated,0.901,1.09,0.185,0.608,M,0.09,0.01,16,17,-3.79,0.1,0.229,0.277,0.04,0.131,0.189,0.146,Random,Time,34.5555555566667,49.0444444466667,35.0333333323333,120,120,120,NA,1420,900,680,1100,100,NA,NA,NA,NA,NA,NA,NA,NA,NA,NA,NA,NA
4mg,4,Normoxia acclimated,0.682,0.928,0.06,0.592,M,0.1,0.12,16.5,17,0.31,0.11,0.176,0.239,0.013,0.131,0.163,0.108,Random,Distance,539.883551133333,NA,904.911501133333,100,120,NA,NA,820,120,100,1280,1140,NA,NA,NA,NA,NA,NA,NA,NA,NA,NA,NA,NA
4mg,4,Normoxia acclimated,0.682,0.928,0.06,0.592,M,0.1,0.12,16.5,17,0.31,0.11,0.176,0.239,0.013,0.131,0.163,0.108,Random,Speed,6.9113119915,7.038515765,7.1939827555,100,120,NA,NA,820,120,100,1280,1140,NA,NA,NA,NA,NA,NA,NA,NA,NA,NA,NA,NA
4mg,4,Normoxia acclimated,0.682,0.928,0.06,0.592,M,0.1,0.12,16.5,17,0.31,0.11,0.176,0.239,0.013,0.131,0.163,0.108,Random,Time,78.4777777666667,NA,127.1777778,100,120,NA,NA,820,120,100,1280,1140,NA,NA,NA,NA,NA,NA,NA,NA,NA,NA,NA,NA
4ml,4,Normoxia acclimated,0.738,0.647,0.26,0.479,M,0.11,0.13,17,18,0.29,0.12,0.192,0.169,0.059,0.109,0.133,0.06,Random,Distance,304.318639066667,435.758767166667,603.187368633333,120,120,100,80,120,120,120,100,120,NA,NA,NA,NA,NA,NA,NA,NA,NA,NA,NA,NA
4ml,4,Normoxia acclimated,0.738,0.647,0.26,0.479,M,0.11,0.13,17,18,0.29,0.12,0.192,0.169,0.059,0.109,0.133,0.06,Random,Speed,7.3148089725,7.2661922845,7.463592902,120,120,100,80,120,120,120,100,120,NA,NA,NA,NA,NA,NA,NA,NA,NA,NA,NA,NA
4ml,4,Normoxia acclimated,0.738,0.647,0.26,0.479,M,0.11,0.13,17,18,0.29,0.12,0.192,0.169,0.059,0.109,0.133,0.06,Random,Time,42.52222222,57.5666666566667,79.7111111233333,120,120,100,80,120,120,120,100,120,NA,NA,NA,NA,NA,NA,NA,NA,NA,NA,NA,NA
4mp,4,Normoxia acclimated,1.081,1.227,0.075,0.714,M,0.09,0.09,16,16,0,0.09,0.271,0.307,0.016,0.15,0.255,0.157,Random,Distance,470.283758166667,476.547976466667,612.9987102,100,120,NA,2160,NA,700,80,NA,NA,NA,NA,NA,NA,NA,NA,NA,NA,NA,NA,NA,NA
4mp,4,Normoxia acclimated,1.081,1.227,0.075,0.714,M,0.09,0.09,16,16,0,0.09,0.271,0.307,0.016,0.15,0.255,0.157,Random,Speed,6.996468636,6.677591266,6.822626162,100,120,NA,2160,NA,700,80,NA,NA,NA,NA,NA,NA,NA,NA,NA,NA,NA,NA,NA,NA
4mp,4,Normoxia acclimated,1.081,1.227,0.075,0.714,M,0.09,0.09,16,16,0,0.09,0.271,0.307,0.016,0.15,0.255,0.157,Random,Time,67.2,71.2666666666667,89.6,100,120,NA,2160,NA,700,80,NA,NA,NA,NA,NA,NA,NA,NA,NA,NA,NA,NA,NA,NA
5fb,5,Hypoxia acclimated,0.611,0.912,0.202,0.314,F,0.18,0.23,20,22.5,0.42,0.32,0.183,0.273,0.061,0.095,0.122,0.178,Small,Distance,403.9338125,742.6531042,1196.32978556667,120,120,120,120,120,120,120,100,120,NA,NA,NA,NA,NA,NA,NA,NA,NA,NA,NA,NA
5fb,5,Hypoxia acclimated,0.611,0.912,0.202,0.314,F,0.18,0.23,20,22.5,0.42,0.32,0.183,0.273,0.061,0.095,0.122,0.178,Small,Speed,6.911644633,7.628847014,10.2575877596667,120,120,120,120,120,120,120,100,120,NA,NA,NA,NA,NA,NA,NA,NA,NA,NA,NA,NA
5fb,5,Hypoxia acclimated,0.611,0.912,0.202,0.314,F,0.18,0.23,20,22.5,0.42,0.32,0.183,0.273,0.061,0.095,0.122,0.178,Small,Time,57.7333333333333,97.48888889,102.011111113333,120,120,120,120,120,120,120,100,120,NA,NA,NA,NA,NA,NA,NA,NA,NA,NA,NA,NA
5fg,5,Hypoxia acclimated,0.525,0.706,0.158,0.316,F,0.13,0.43,18,25.5,2.06,0.4,0.162,0.218,0.051,0.102,0.111,0.116,Small,Distance,475.7860438,396.7388381,479.501861466667,120,120,NA,120,120,120,140,140,140,NA,NA,NA,NA,NA,NA,NA,NA,NA,NA,NA,NA
5fg,5,Hypoxia acclimated,0.525,0.706,0.158,0.316,F,0.13,0.43,18,25.5,2.06,0.4,0.162,0.218,0.051,0.102,0.111,0.116,Small,Speed,7.059675662,8.24839533433333,8.52414577033333,120,120,NA,120,120,120,140,140,140,NA,NA,NA,NA,NA,NA,NA,NA,NA,NA,NA,NA
5fg,5,Hypoxia acclimated,0.525,0.706,0.158,0.316,F,0.13,0.43,18,25.5,2.06,0.4,0.162,0.218,0.051,0.102,0.111,0.116,Small,Time,67.3666666766667,51.7444444466667,57.08888889,120,120,NA,120,120,120,140,140,140,NA,NA,NA,NA,NA,NA,NA,NA,NA,NA,NA,NA
5fl,5,Hypoxia acclimated,0.758,1.412,0.122,0.253,F,0.19,0.38,20.5,24,1.2,0.36,0.23,0.429,0.038,0.079,0.192,0.35,Small,Distance,223.9763543,201.2903383,227.88336164,NA,NA,NA,NA,NA,NA,NA,NA,NA,120,80,80,100,100,100,100,100,100,NA,NA,NA
5fl,5,Hypoxia acclimated,0.758,1.412,0.122,0.253,F,0.19,0.38,20.5,24,1.2,0.36,0.23,0.429,0.038,0.079,0.192,0.35,Small,Speed,7.1579884295,6.61816113733333,7.269926924,NA,NA,NA,NA,NA,NA,NA,NA,NA,120,80,80,100,100,100,100,100,100,NA,NA,NA
5fl,5,Hypoxia acclimated,0.758,1.412,0.122,0.253,F,0.19,0.38,20.5,24,1.2,0.36,0.23,0.429,0.038,0.079,0.192,0.35,Small,Time,32.1555555533333,30.6888888866667,30.8777777766667,NA,NA,NA,NA,NA,NA,NA,NA,NA,120,80,80,100,100,100,100,100,100,NA,NA,NA
5fp,5,Hypoxia acclimated,0.55,0.8,0.207,0.15,F,0.19,0.42,21,25.5,1.37,0.42,0.171,0.248,0.068,0.049,0.103,0.199,Small,Distance,219.330863533333,789.1214353,801.7210856,120,440,620,120,340,900,620,1980,80,NA,NA,NA,NA,NA,NA,NA,NA,NA,NA,NA,NA
5fp,5,Hypoxia acclimated,0.55,0.8,0.207,0.15,F,0.19,0.42,21,25.5,1.37,0.42,0.171,0.248,0.068,0.049,0.103,0.199,Small,Speed,8.6942206875,7.32773685466667,7.620715273,120,440,620,120,340,900,620,1980,80,NA,NA,NA,NA,NA,NA,NA,NA,NA,NA,NA,NA
5fp,5,Hypoxia acclimated,0.55,0.8,0.207,0.15,F,0.19,0.42,21,25.5,1.37,0.42,0.171,0.248,0.068,0.049,0.103,0.199,Small,Time,28.02222222,108.68888891,103.733333343333,120,440,620,120,340,900,620,1980,80,NA,NA,NA,NA,NA,NA,NA,NA,NA,NA,NA,NA
5mb,5,Hypoxia acclimated,0.266,0.427,0.074,0.036,M,0.07,0.08,12.5,16,0.23,0.09,0.067,0.107,0.015,0.008,0.052,0.099,Small,Distance,93.0095157966667,670.451667933333,1073.73597956667,280,120,140,100,100,140,120,100,100,NA,NA,NA,NA,NA,NA,NA,NA,NA,NA,NA,NA
5mb,5,Hypoxia acclimated,0.266,0.427,0.074,0.036,M,0.07,0.08,12.5,16,0.23,0.09,0.067,0.107,0.015,0.008,0.052,0.099,Small,Speed,8.0852219705,7.13518018566667,7.02450848966667,280,120,140,100,100,140,120,100,100,NA,NA,NA,NA,NA,NA,NA,NA,NA,NA,NA,NA
5mb,5,Hypoxia acclimated,0.266,0.427,0.074,0.036,M,0.07,0.08,12.5,16,0.23,0.09,0.067,0.107,0.015,0.008,0.052,0.099,Small,Time,12.5555555566667,92.7444444333333,NA,280,120,140,100,100,140,120,100,100,NA,NA,NA,NA,NA,NA,NA,NA,NA,NA,NA,NA
5mg,5,Hypoxia acclimated,0.688,0.806,0.068,0.532,M,0.08,0.09,15,15.5,0.2,0.09,0.172,0.202,0.014,0.111,0.158,0.091,Small,Distance,327.152371466667,1132.29860713333,725.683529466667,NA,760,NA,780,120,100,100,120,360,NA,NA,NA,NA,NA,NA,NA,NA,NA,NA,NA,NA
5mg,5,Hypoxia acclimated,0.688,0.806,0.068,0.532,M,0.08,0.09,15,15.5,0.2,0.09,0.172,0.202,0.014,0.111,0.158,0.091,Small,Speed,6.9148879635,7.08579556233333,6.76283400733333,NA,760,NA,780,120,100,100,120,360,NA,NA,NA,NA,NA,NA,NA,NA,NA,NA,NA,NA
5mg,5,Hypoxia acclimated,0.688,0.806,0.068,0.532,M,0.08,0.09,15,15.5,0.2,0.09,0.172,0.202,0.014,0.111,0.158,0.091,Small,Time,47.4555555566667,156.3111111,106.111111123333,NA,760,NA,780,120,100,100,120,360,NA,NA,NA,NA,NA,NA,NA,NA,NA,NA,NA,NA
5ml,5,Hypoxia acclimated,1.057,1.851,0.169,0.486,M,0.1,0.12,16.5,18,0.31,0.12,0.275,0.482,0.038,0.111,0.237,0.371,Small,Distance,433.366832433333,544.943071666667,1125.82320406667,100,180,80,100,120,140,120,120,100,NA,NA,NA,NA,NA,NA,NA,NA,NA,NA,NA,NA
5ml,5,Hypoxia acclimated,1.057,1.851,0.169,0.486,M,0.1,0.12,16.5,18,0.31,0.12,0.275,0.482,0.038,0.111,0.237,0.371,Small,Speed,7.444028459,7.7674978565,7.47133368066667,100,180,80,100,120,140,120,120,100,NA,NA,NA,NA,NA,NA,NA,NA,NA,NA,NA,NA
5ml,5,Hypoxia acclimated,1.057,1.851,0.169,0.486,M,0.1,0.12,16.5,18,0.31,0.12,0.275,0.482,0.038,0.111,0.237,0.371,Small,Time,58.9555555433333,70.6333333333333,NA,100,180,80,100,120,140,120,120,100,NA,NA,NA,NA,NA,NA,NA,NA,NA,NA,NA,NA
5mp,5,Hypoxia acclimated,0.894,0.91,0.254,0.649,M,0.11,0.12,17.5,18,0.15,0.12,0.233,0.237,0.058,0.148,0.175,0.089,Small,Distance,306.8642597,780.243011066667,734.238933066667,NA,NA,NA,NA,NA,NA,NA,NA,NA,NA,NA,NA,NA,NA,NA,NA,NA,NA,1580,100,120
5mp,5,Hypoxia acclimated,0.894,0.91,0.254,0.649,M,0.11,0.12,17.5,18,0.15,0.12,0.233,0.237,0.058,0.148,0.175,0.089,Small,Speed,7.7470098055,NA,9.87679755866667,NA,NA,NA,NA,NA,NA,NA,NA,NA,NA,NA,NA,NA,NA,NA,NA,NA,NA,1580,100,120
5mp,5,Hypoxia acclimated,0.894,0.91,0.254,0.649,M,0.11,0.12,17.5,18,0.15,0.12,0.233,0.237,0.058,0.148,0.175,0.089,Small,Time,39.6777777766667,68.32222221,81.7888889,NA,NA,NA,NA,NA,NA,NA,NA,NA,NA,NA,NA,NA,NA,NA,NA,NA,NA,1580,100,120
6fb,6,Normoxia acclimated,0.439,0.493,0.014,0.171,F,0.12,0.34,16.5,24,1.8,0.4,0.135,0.152,0.005,0.055,0.13,0.097,Small,Distance,134.9937037,303.8184451,209.416565833333,80,120,100,380,120,120,120,100,100,NA,NA,NA,NA,NA,NA,NA,NA,NA,NA,NA,NA
6fb,6,Normoxia acclimated,0.439,0.493,0.014,0.171,F,0.12,0.34,16.5,24,1.8,0.4,0.135,0.152,0.005,0.055,0.13,0.097,Small,Speed,8.019835572,7.99433030433333,7.75699987233333,80,120,100,380,120,120,120,100,100,NA,NA,NA,NA,NA,NA,NA,NA,NA,NA,NA,NA
6fb,6,Normoxia acclimated,0.439,0.493,0.014,0.171,F,0.12,0.34,16.5,24,1.8,0.4,0.135,0.152,0.005,0.055,0.13,0.097,Small,Time,16.677777779,38.2777777766667,26.77777778,80,120,100,380,120,120,120,100,100,NA,NA,NA,NA,NA,NA,NA,NA,NA,NA,NA,NA
6fg,6,Normoxia acclimated,0.596,0.831,0.216,0.324,F,0.11,0.45,17,25.5,2.43,0.37,0.182,0.253,0.068,0.102,0.114,0.151,Small,Distance,152.587218286667,519.209284633333,311.417113006667,480,1040,520,480,120,140,620,680,560,NA,NA,NA,NA,NA,NA,NA,NA,NA,NA,NA,NA
6fg,6,Normoxia acclimated,0.596,0.831,0.216,0.324,F,0.11,0.45,17,25.5,2.43,0.37,0.182,0.253,0.068,0.102,0.114,0.151,Small,Speed,7.60862376333333,7.28155209266667,8.196232025,480,1040,520,480,120,140,620,680,560,NA,NA,NA,NA,NA,NA,NA,NA,NA,NA,NA,NA
6fg,6,Normoxia acclimated,0.596,0.831,0.216,0.324,F,0.11,0.45,17,25.5,2.43,0.37,0.182,0.253,0.068,0.102,0.114,0.151,Small,Time,20.3999999976667,72.1666666766667,35.1444444433333,480,1040,520,480,120,140,620,680,560,NA,NA,NA,NA,NA,NA,NA,NA,NA,NA,NA,NA
6fl,6,Normoxia acclimated,0.559,0.736,0.215,0.294,F,0.13,0.65,19.5,27.5,2.77,0.54,0.18,0.237,0.076,0.104,0.104,0.133,Small,Distance,232.146080293333,474.092683966667,252.787464533333,120,380,640,520,160,660,660,720,NA,NA,NA,NA,NA,NA,NA,NA,NA,NA,NA,NA,NA
6fl,6,Normoxia acclimated,0.559,0.736,0.215,0.294,F,0.13,0.65,19.5,27.5,2.77,0.54,0.18,0.237,0.076,0.104,0.104,0.133,Small,Speed,7.767833495,6.754234704,8.65340962066667,120,380,640,520,160,660,660,720,NA,NA,NA,NA,NA,NA,NA,NA,NA,NA,NA,NA,NA
6fl,6,Normoxia acclimated,0.559,0.736,0.215,0.294,F,0.13,0.65,19.5,27.5,2.77,0.54,0.18,0.237,0.076,0.104,0.104,0.133,Small,Time,31.9111111133333,70.6,31.9333333333333,120,380,640,520,160,660,660,720,NA,NA,NA,NA,NA,NA,NA,NA,NA,NA,NA,NA,NA
6fp,6,Normoxia acclimated,0.608,0.661,0.171,0.329,F,0.12,0.33,17,23.5,1.74,0.28,0.178,0.194,0.05,0.096,0.128,0.098,Small,Distance,301.955545173333,384.044164466667,328.8061313,80,100,100,100,120,700,460,100,120,NA,NA,NA,NA,NA,NA,NA,NA,NA,NA,NA,NA
6fp,6,Normoxia acclimated,0.608,0.661,0.171,0.329,F,0.12,0.33,17,23.5,1.74,0.28,0.178,0.194,0.05,0.096,0.128,0.098,Small,Speed,6.91529049866667,6.931629219,7.11484644866667,80,100,100,100,120,700,460,100,120,NA,NA,NA,NA,NA,NA,NA,NA,NA,NA,NA,NA
6fp,6,Normoxia acclimated,0.608,0.661,0.171,0.329,F,0.12,0.33,17,23.5,1.74,0.28,0.178,0.194,0.05,0.096,0.128,0.098,Small,Time,42.7,56.8222222333333,45.2666666633333,80,100,100,100,120,700,460,100,120,NA,NA,NA,NA,NA,NA,NA,NA,NA,NA,NA,NA
6mb,6,Normoxia acclimated,0.968,1.382,0.155,0.698,M,0.07,0.09,14.5,16,0.43,0.08,0.238,0.34,0.031,0.141,0.207,0.199,Small,Distance,NA,490.723981966667,716.8635116,NA,NA,NA,NA,NA,NA,NA,NA,NA,340,0,100,140,0,0,680,140,120,NA,NA,NA
6mb,6,Normoxia acclimated,0.968,1.382,0.155,0.698,M,0.07,0.09,14.5,16,0.43,0.08,0.238,0.34,0.031,0.141,0.207,0.199,Small,Speed,NA,7.68111912733333,NA,NA,NA,NA,NA,NA,NA,NA,NA,NA,340,0,100,140,0,0,680,140,120,NA,NA,NA
6mb,6,Normoxia acclimated,0.968,1.382,0.155,0.698,M,0.07,0.09,14.5,16,0.43,0.08,0.238,0.34,0.031,0.141,0.207,0.199,Small,Time,69.0000000133333,65.6333333333333,68.0111111133333,NA,NA,NA,NA,NA,NA,NA,NA,NA,340,0,100,140,0,0,680,140,120,NA,NA,NA
6mg,6,Normoxia acclimated,0.832,1.164,0.176,0.358,M,0.1,0.11,16,17,0.16,0.06,0.197,0.275,0.033,0.067,0.164,0.208,Small,Distance,NA,NA,NA,100,120,120,100,100,120,760,NA,NA,NA,NA,NA,NA,NA,NA,NA,NA,NA,NA,NA,NA
6mg,6,Normoxia acclimated,0.832,1.164,0.176,0.358,M,0.1,0.11,16,17,0.16,0.06,0.197,0.275,0.033,0.067,0.164,0.208,Small,Speed,NA,7.95013780766667,7.643723335,100,120,120,100,100,120,760,NA,NA,NA,NA,NA,NA,NA,NA,NA,NA,NA,NA,NA,NA
6mg,6,Normoxia acclimated,0.832,1.164,0.176,0.358,M,0.1,0.11,16,17,0.16,0.06,0.197,0.275,0.033,0.067,0.164,0.208,Small,Time,NA,160.933333333333,153.5111111,100,120,120,100,100,120,760,NA,NA,NA,NA,NA,NA,NA,NA,NA,NA,NA,NA,NA,NA
6mp,6,Normoxia acclimated,0.253,0.732,0.15,0.206,M,0.09,0.09,15.5,16,0,0.09,0.063,0.183,0.031,0.043,0.032,0.14,Small,Distance,292.169650876667,689.275109833333,380.824888447,100,100,140,100,640,80,120,100,NA,NA,NA,NA,NA,NA,NA,NA,NA,NA,NA,NA,NA
6mp,6,Normoxia acclimated,0.253,0.732,0.15,0.206,M,0.09,0.09,15.5,16,0,0.09,0.063,0.183,0.031,0.043,0.032,0.14,Small,Speed,6.66627797166667,6.642583306,6.07400142666667,100,100,140,100,640,80,120,100,NA,NA,NA,NA,NA,NA,NA,NA,NA,NA,NA,NA,NA
6mp,6,Normoxia acclimated,0.253,0.732,0.15,0.206,M,0.09,0.09,15.5,16,0,0.09,0.063,0.183,0.031,0.043,0.032,0.14,Small,Time,44.3666666666667,100.633333343333,53.0555555666667,100,100,140,100,640,80,120,100,NA,NA,NA,NA,NA,NA,NA,NA,NA,NA,NA,NA,NA
7fb,7,Normoxia acclimated,0.876,1.241,0.119,0.341,F,0.2,0.25,20,21.5,0.38,0.21,0.247,0.35,0.032,0.091,0.215,0.259,Large,Distance,777.3117895,139.914781933333,320.6345212,NA,120,120,NA,120,NA,NA,660,120,NA,NA,NA,NA,NA,NA,NA,NA,NA,NA,NA,NA
7fb,7,Normoxia acclimated,0.876,1.241,0.119,0.341,F,0.2,0.25,20,21.5,0.38,0.21,0.247,0.35,0.032,0.091,0.215,0.259,Large,Speed,7.83908361266667,8.510137085,8.913572934,NA,120,120,NA,120,NA,NA,660,120,NA,NA,NA,NA,NA,NA,NA,NA,NA,NA,NA,NA
7fb,7,Normoxia acclimated,0.876,1.241,0.119,0.341,F,0.2,0.25,20,21.5,0.38,0.21,0.247,0.35,0.032,0.091,0.215,0.259,Large,Time,95.57777779,16.87777778,36.9888888866667,NA,120,120,NA,120,NA,NA,660,120,NA,NA,NA,NA,NA,NA,NA,NA,NA,NA,NA,NA
7fg,7,Normoxia acclimated,0.272,0.66,0.229,0.163,F,0.22,1.11,22.5,32,2.79,0.81,0.093,0.225,0.091,0.065,0.002,0.16,Large,Distance,601.3516994,501.988483033333,346.036396,NA,NA,NA,NA,NA,NA,NA,NA,NA,NA,NA,NA,NA,NA,NA,NA,NA,NA,0,120,0
7fg,7,Normoxia acclimated,0.272,0.66,0.229,0.163,F,0.22,1.11,22.5,32,2.79,0.81,0.093,0.225,0.091,0.065,0.002,0.16,Large,Speed,NA,8.5547601645,8.5391368045,NA,NA,NA,NA,NA,NA,NA,NA,NA,NA,NA,NA,NA,NA,NA,NA,NA,NA,0,120,0
7fg,7,Normoxia acclimated,0.272,0.66,0.229,0.163,F,0.22,1.11,22.5,32,2.79,0.81,0.093,0.225,0.091,0.065,0.002,0.16,Large,Time,30.5888888866667,58.6777777666667,44.1111111,NA,NA,NA,NA,NA,NA,NA,NA,NA,NA,NA,NA,NA,NA,NA,NA,NA,NA,0,120,0
7fl,7,Normoxia acclimated,0.666,1.026,0.116,0.274,F,0.2,0.63,20.5,27,1.98,0.45,0.209,0.322,0.039,0.091,0.17,0.231,Large,Distance,247.973449043333,178.03957574,184.632498833333,NA,3140,560,NA,NA,NA,200,NA,NA,NA,NA,NA,NA,NA,NA,NA,NA,NA,NA,NA,NA
7fl,7,Normoxia acclimated,0.666,1.026,0.116,0.274,F,0.2,0.63,20.5,27,1.98,0.45,0.209,0.322,0.039,0.091,0.17,0.231,Large,Speed,NA,8.182195771,7.417015181,NA,3140,560,NA,NA,NA,200,NA,NA,NA,NA,NA,NA,NA,NA,NA,NA,NA,NA,NA,NA
7fl,7,Normoxia acclimated,0.666,1.026,0.116,0.274,F,0.2,0.63,20.5,27,1.98,0.45,0.209,0.322,0.039,0.091,0.17,0.231,Large,Time,18.7444444443333,20.411111111,24.8222222233333,NA,3140,560,NA,NA,NA,200,NA,NA,NA,NA,NA,NA,NA,NA,NA,NA,NA,NA,NA,NA
7fp,7,Normoxia acclimated,0.488,0.794,0.247,0.279,F,0.25,0.99,22.5,31,2.37,0.66,0.161,0.263,0.092,0.104,0.069,0.159,Large,Distance,231.486572933333,626.017783933333,142.683501133333,1220,NA,640,540,940,NA,140,NA,140,NA,NA,NA,NA,NA,NA,NA,NA,NA,NA,NA,NA
7fp,7,Normoxia acclimated,0.488,0.794,0.247,0.279,F,0.25,0.99,22.5,31,2.37,0.66,0.161,0.263,0.092,0.104,0.069,0.159,Large,Speed,6.80719715966667,NA,6.97060484,1220,NA,640,540,940,NA,140,NA,140,NA,NA,NA,NA,NA,NA,NA,NA,NA,NA,NA,NA
7fp,7,Normoxia acclimated,0.488,0.794,0.247,0.279,F,0.25,0.99,22.5,31,2.37,0.66,0.161,0.263,0.092,0.104,0.069,0.159,Large,Time,34.4333333333333,39.2777777766667,20.6,1220,NA,640,540,940,NA,140,NA,140,NA,NA,NA,NA,NA,NA,NA,NA,NA,NA,NA,NA
7mb,7,Normoxia acclimated,0.613,1.444,0.098,0.194,M,0.13,0.15,18,19,0.25,0.14,0.163,0.384,0.023,0.046,0.14,0.338,Large,Distance,164.775935106667,111.323502066667,440.9897122,NA,NA,NA,NA,NA,NA,NA,NA,NA,NA,NA,NA,NA,NA,NA,NA,NA,NA,NA,NA,NA
7mb,7,Normoxia acclimated,0.613,1.444,0.098,0.194,M,0.13,0.15,18,19,0.25,0.14,0.163,0.384,0.023,0.046,0.14,0.338,Large,Speed,8.61223971666667,8.543878965,NA,NA,NA,NA,NA,NA,NA,NA,NA,NA,NA,NA,NA,NA,NA,NA,NA,NA,NA,NA,NA,NA
7mb,7,Normoxia acclimated,0.613,1.444,0.098,0.194,M,0.13,0.15,18,19,0.25,0.14,0.163,0.384,0.023,0.046,0.14,0.338,Large,Time,18.9333333323333,13.1222222233333,52.5888889,NA,NA,NA,NA,NA,NA,NA,NA,NA,NA,NA,NA,NA,NA,NA,NA,NA,NA,NA,NA,NA
7mg,7,Normoxia acclimated,1.009,0.957,0.336,0.747,M,0.14,0.15,18,19.5,0.12,0.14,0.269,0.255,0.08,0.178,0.189,0.077,Large,Distance,487.771182433333,463.374767966667,528.3721915,360,2560,1520,100,180,NA,1960,120,1020,NA,NA,NA,NA,NA,NA,NA,NA,NA,NA,NA,NA
7mg,7,Normoxia acclimated,1.009,0.957,0.336,0.747,M,0.14,0.15,18,19.5,0.12,0.14,0.269,0.255,0.08,0.178,0.189,0.077,Large,Speed,7.753235978,8.1679817345,9.0775034425,360,2560,1520,100,180,NA,1960,120,1020,NA,NA,NA,NA,NA,NA,NA,NA,NA,NA,NA,NA
7mg,7,Normoxia acclimated,1.009,0.957,0.336,0.747,M,0.14,0.15,18,19.5,0.12,0.14,0.269,0.255,0.08,0.178,0.189,0.077,Large,Time,64.3,56.2888888866667,58.28888889,360,2560,1520,100,180,NA,1960,120,1020,NA,NA,NA,NA,NA,NA,NA,NA,NA,NA,NA,NA
7ml,7,Normoxia acclimated,0.769,1.109,0.108,0.514,M,0.1,0.1,16,16.5,0,0.11,0.198,0.285,0.024,0.114,0.174,0.171,Large,Distance,354.913986866667,502.8247842,451.4995074,1980,840,740,1940,120,2300,NA,NA,880,NA,NA,NA,NA,NA,NA,NA,NA,NA,NA,NA,NA
7ml,7,Normoxia acclimated,0.769,1.109,0.108,0.514,M,0.1,0.1,16,16.5,0,0.11,0.198,0.285,0.024,0.114,0.174,0.171,Large,Speed,7.83972434933333,9.1143967495,9.136109815,1980,840,740,1940,120,2300,NA,NA,880,NA,NA,NA,NA,NA,NA,NA,NA,NA,NA,NA,NA
7ml,7,Normoxia acclimated,0.769,1.109,0.108,0.514,M,0.1,0.1,16,16.5,0,0.11,0.198,0.285,0.024,0.114,0.174,0.171,Large,Time,46.9333333333333,54.4777777766667,47.48888889,1980,840,740,1940,120,2300,NA,NA,880,NA,NA,NA,NA,NA,NA,NA,NA,NA,NA,NA,NA
7mp,7,Normoxia acclimated,0.613,0.947,0.274,0.362,M,0.15,0.18,19,19.5,0.31,0.17,0.168,0.259,0.069,0.091,0.099,0.168,Large,Distance,155.543367533333,282.790922733333,78.1567123266667,100,120,80,NA,100,80,120,120,NA,100,100,80,100,140,100,100,100,100,NA,NA,NA
7mp,7,Normoxia acclimated,0.613,0.947,0.274,0.362,M,0.15,0.18,19,19.5,0.31,0.17,0.168,0.259,0.069,0.091,0.099,0.168,Large,Speed,7.495784769,8.403111216,7.132375272,100,120,80,NA,100,80,120,120,NA,100,100,80,100,140,100,100,100,100,NA,NA,NA
7mp,7,Normoxia acclimated,0.613,0.947,0.274,0.362,M,0.15,0.18,19,19.5,0.31,0.17,0.168,0.259,0.069,0.091,0.099,0.168,Large,Time,20.5111111133333,33.32222222,11.5555555566667,100,120,80,NA,100,80,120,120,NA,100,100,80,100,140,100,100,100,100,NA,NA,NA
8fb,8,Hypoxia acclimated,0.724,1.089,0.16,0.283,F,0.21,0.35,21.5,25,0.88,0.34,0.218,0.328,0.049,0.087,0.169,0.241,Large,Distance,461.090790566667,172.4550706,359.139471066667,NA,NA,NA,NA,NA,NA,NA,NA,NA,NA,NA,NA,NA,NA,NA,NA,NA,NA,0,0,120
8fb,8,Hypoxia acclimated,0.724,1.089,0.16,0.283,F,0.21,0.35,21.5,25,0.88,0.34,0.218,0.328,0.049,0.087,0.169,0.241,Large,Speed,7.5042653845,7.485126475,8.390527851,NA,NA,NA,NA,NA,NA,NA,NA,NA,NA,NA,NA,NA,NA,NA,NA,NA,NA,0,0,120
8fb,8,Hypoxia acclimated,0.724,1.089,0.16,0.283,F,0.21,0.35,21.5,25,0.88,0.34,0.218,0.328,0.049,0.087,0.169,0.241,Large,Time,61.2111111233333,22.97777778,42.72222222,NA,NA,NA,NA,NA,NA,NA,NA,NA,NA,NA,NA,NA,NA,NA,NA,NA,NA,0,0,120
8fg,8,Hypoxia acclimated,0.453,0.599,0.305,0.306,F,0.19,0.7,21,29.5,2.25,0.83,0.155,0.205,0.122,0.122,0.033,0.083,Large,Distance,655.714339533333,318.533850266667,632.8454348,2000,NA,100,80,100,NA,120,1640,NA,NA,NA,NA,NA,NA,NA,NA,NA,NA,NA,NA,NA
8fg,8,Hypoxia acclimated,0.453,0.599,0.305,0.306,F,0.19,0.7,21,29.5,2.25,0.83,0.155,0.205,0.122,0.122,0.033,0.083,Large,Speed,8.9063675075,8.48390842,9.798374023,2000,NA,100,80,100,NA,120,1640,NA,NA,NA,NA,NA,NA,NA,NA,NA,NA,NA,NA,NA
8fg,8,Hypoxia acclimated,0.453,0.599,0.305,0.306,F,0.19,0.7,21,29.5,2.25,0.83,0.155,0.205,0.122,0.122,0.033,0.083,Large,Time,71.12222221,37.3111111133333,64.49999999,2000,NA,100,80,100,NA,120,1640,NA,NA,NA,NA,NA,NA,NA,NA,NA,NA,NA,NA,NA
8fl,8,Hypoxia acclimated,0.539,0.807,0.227,0.268,F,0.2,0.79,20.5,31,2.37,0.74,0.181,0.271,0.088,0.103,0.093,0.168,Large,Distance,140.448172666667,527.428716466667,632.252276133333,NA,NA,NA,960,NA,140,120,NA,NA,NA,NA,NA,NA,NA,NA,NA,NA,NA,NA,NA,NA
8fl,8,Hypoxia acclimated,0.539,0.807,0.227,0.268,F,0.2,0.79,20.5,31,2.37,0.74,0.181,0.271,0.088,0.103,0.093,0.168,Large,Speed,7.653610868,8.8222231695,NA,NA,NA,NA,960,NA,140,120,NA,NA,NA,NA,NA,NA,NA,NA,NA,NA,NA,NA,NA,NA
8fl,8,Hypoxia acclimated,0.539,0.807,0.227,0.268,F,0.2,0.79,20.5,31,2.37,0.74,0.181,0.271,0.088,0.103,0.093,0.168,Large,Time,18.5777777766667,59.92222221,49.0666666666667,NA,NA,NA,960,NA,140,120,NA,NA,NA,NA,NA,NA,NA,NA,NA,NA,NA,NA,NA,NA
8fp,8,Hypoxia acclimated,0.474,0.821,0.207,0.24,F,0.2,0.49,22,26,1.54,0.49,0.15,0.26,0.071,0.082,0.079,0.178,Large,Distance,118.036576236667,134.207617133333,47.1917430466667,NA,540,900,360,500,NA,400,200,NA,NA,NA,NA,NA,NA,NA,NA,NA,NA,NA,NA,NA
8fp,8,Hypoxia acclimated,0.474,0.821,0.207,0.24,F,0.2,0.49,22,26,1.54,0.49,0.15,0.26,0.071,0.082,0.079,0.178,Large,Speed,6.396458081,8.7260433945,7.842872653,NA,540,900,360,500,NA,400,200,NA,NA,NA,NA,NA,NA,NA,NA,NA,NA,NA,NA,NA
8fp,8,Hypoxia acclimated,0.474,0.821,0.207,0.24,F,0.2,0.49,22,26,1.54,0.49,0.15,0.26,0.071,0.082,0.079,0.178,Large,Time,18.3222222223333,16.97777778,7.222222221,NA,540,900,360,500,NA,400,200,NA,NA,NA,NA,NA,NA,NA,NA,NA,NA,NA,NA,NA
8mb,8,Hypoxia acclimated,0.792,1.261,0.187,0.445,M,0.11,0.16,18,18.5,0.65,0.11,0.204,0.325,0.042,0.099,0.162,0.226,Large,Distance,78.4474230966667,243.682689933333,371.5215542,140,100,140,800,100,100,100,140,120,NA,NA,NA,NA,NA,NA,NA,NA,NA,NA,NA,NA
8mb,8,Hypoxia acclimated,0.792,1.261,0.187,0.445,M,0.11,0.16,18,18.5,0.65,0.11,0.204,0.325,0.042,0.099,0.162,0.226,Large,Speed,7.58370234,8.0204452,7.3243072395,140,100,140,800,100,100,100,140,120,NA,NA,NA,NA,NA,NA,NA,NA,NA,NA,NA,NA
8mb,8,Hypoxia acclimated,0.792,1.261,0.187,0.445,M,0.11,0.16,18,18.5,0.65,0.11,0.204,0.325,0.042,0.099,0.162,0.226,Large,Time,11.1444444443333,30.2666666666667,50.6555555533333,140,100,140,800,100,100,100,140,120,NA,NA,NA,NA,NA,NA,NA,NA,NA,NA,NA,NA
8mg,8,Hypoxia acclimated,0.764,1.109,0.274,0.487,M,0.11,0.13,16,18,0.29,0.12,0.199,0.289,0.062,0.111,0.137,0.178,Large,Distance,387.629135933333,211.344411066667,512.012070733333,NA,3180,2840,120,100,NA,NA,1600,2020,NA,NA,NA,NA,NA,NA,NA,NA,NA,NA,NA,NA
8mg,8,Hypoxia acclimated,0.764,1.109,0.274,0.487,M,0.11,0.13,16,18,0.29,0.12,0.199,0.289,0.062,0.111,0.137,0.178,Large,Speed,7.3366585465,7.557011123,7.4814311815,NA,3180,2840,120,100,NA,NA,1600,2020,NA,NA,NA,NA,NA,NA,NA,NA,NA,NA,NA,NA
8mg,8,Hypoxia acclimated,0.764,1.109,0.274,0.487,M,0.11,0.13,16,18,0.29,0.12,0.199,0.289,0.062,0.111,0.137,0.178,Large,Time,53.28888889,27.9666666666667,68.42222221,NA,3180,2840,120,100,NA,NA,1600,2020,NA,NA,NA,NA,NA,NA,NA,NA,NA,NA,NA,NA
8ml,8,Hypoxia acclimated,0.809,0.989,0.104,0.414,M,0.13,0.15,18,19,0.25,0.15,0.217,0.266,0.025,0.101,0.192,0.165,Large,Distance,393.897235833333,340.1456227,421.4474306,NA,NA,NA,NA,NA,NA,NA,NA,NA,140,0,920,880,480,920,760,320,0,NA,NA,NA
8ml,8,Hypoxia acclimated,0.809,0.989,0.104,0.414,M,0.13,0.15,18,19,0.25,0.15,0.217,0.266,0.025,0.101,0.192,0.165,Large,Speed,8.366751666,6.998536815,6.608861331,NA,NA,NA,NA,NA,NA,NA,NA,NA,140,0,920,880,480,920,760,320,0,NA,NA,NA
8ml,8,Hypoxia acclimated,0.809,0.989,0.104,0.414,M,0.13,0.15,18,19,0.25,0.15,0.217,0.266,0.025,0.101,0.192,0.165,Large,Time,44.7888888866667,48.5888888866667,63.7777777766667,NA,NA,NA,NA,NA,NA,NA,NA,NA,140,0,920,880,480,920,760,320,0,NA,NA,NA
8mp,8,Hypoxia acclimated,0.577,1.013,0.157,0.289,M,0.21,0.31,22.5,25,0.67,0.31,0.172,0.301,0.047,0.087,0.125,0.214,Large,Distance,26.28930715,144.092029333333,129.681778856667,NA,NA,140,920,100,NA,NA,140,NA,NA,NA,NA,NA,NA,NA,NA,NA,NA,NA,NA,NA
8mp,8,Hypoxia acclimated,0.577,1.013,0.157,0.289,M,0.21,0.31,22.5,25,0.67,0.31,0.172,0.301,0.047,0.087,0.125,0.214,Large,Speed,6.4614419195,7.9805002505,8.8773749875,NA,NA,140,920,100,NA,NA,140,NA,NA,NA,NA,NA,NA,NA,NA,NA,NA,NA,NA,NA
8mp,8,Hypoxia acclimated,0.577,1.013,0.157,0.289,M,0.21,0.31,22.5,25,0.67,0.31,0.172,0.301,0.047,0.087,0.125,0.214,Large,Time,4.05555555533333,19.8333333333333,12.7666666666667,NA,NA,140,920,100,NA,NA,140,NA,NA,NA,NA,NA,NA,NA,NA,NA,NA,NA,NA,NA
9fb,9,Normoxia acclimated,0.534,0.61,0.193,0.299,F,0.17,0.44,20.5,26,1.64,0.34,0.161,0.184,0.059,0.092,0.102,0.092,Large,Distance,72.5730521233333,339.83867318,175.631211936667,120,NA,2460,NA,980,NA,NA,NA,960,NA,NA,NA,NA,NA,NA,NA,NA,NA,NA,NA,NA
9fb,9,Normoxia acclimated,0.534,0.61,0.193,0.299,F,0.17,0.44,20.5,26,1.64,0.34,0.161,0.184,0.059,0.092,0.102,0.092,Large,Speed,6.7705528885,6.84991210666667,7.25504420833333,120,NA,2460,NA,980,NA,NA,NA,960,NA,NA,NA,NA,NA,NA,NA,NA,NA,NA,NA,NA
9fb,9,Normoxia acclimated,0.534,0.61,0.193,0.299,F,0.17,0.44,20.5,26,1.64,0.34,0.161,0.184,0.059,0.092,0.102,0.092,Large,Time,10.6888888866667,47.97777779,23.9555555543333,120,NA,2460,NA,980,NA,NA,NA,960,NA,NA,NA,NA,NA,NA,NA,NA,NA,NA,NA,NA
9fl,9,Normoxia acclimated,0.528,1.015,0.142,0.248,F,0.2,0.59,21,28,1.87,0.42,0.164,0.315,0.046,0.081,0.118,0.234,Large,Distance,291.589972766667,645.363164833333,554.1963903,300,1060,600,NA,880,NA,NA,380,120,NA,NA,NA,NA,NA,NA,NA,NA,NA,NA,NA,NA
9fl,9,Normoxia acclimated,0.528,1.015,0.142,0.248,F,0.2,0.59,21,28,1.87,0.42,0.164,0.315,0.046,0.081,0.118,0.234,Large,Speed,6.5299274235,6.79040276666667,7.09101442266667,300,1060,600,NA,880,NA,NA,380,120,NA,NA,NA,NA,NA,NA,NA,NA,NA,NA,NA,NA
9fl,9,Normoxia acclimated,0.528,1.015,0.142,0.248,F,0.2,0.59,21,28,1.87,0.42,0.164,0.315,0.046,0.081,0.118,0.234,Large,Time,45.0555555533333,94.3444444433333,77.7555555433333,300,1060,600,NA,880,NA,NA,380,120,NA,NA,NA,NA,NA,NA,NA,NA,NA,NA,NA,NA
9fp,9,Normoxia acclimated,0.562,0.727,0.194,0.251,F,0.19,0.82,20,29.5,2.52,0.57,0.182,0.236,0.069,0.09,0.113,0.146,Large,Distance,313.1303258,438.2209448,561.067413166667,140,120,440,980,140,NA,NA,120,140,NA,NA,NA,NA,NA,NA,NA,NA,NA,NA,NA,NA
9fp,9,Normoxia acclimated,0.562,0.727,0.194,0.251,F,0.19,0.82,20,29.5,2.52,0.57,0.182,0.236,0.069,0.09,0.113,0.146,Large,Speed,NA,6.79088786666667,6.84787140633333,140,120,440,980,140,NA,NA,120,140,NA,NA,NA,NA,NA,NA,NA,NA,NA,NA,NA,NA
9fp,9,Normoxia acclimated,0.562,0.727,0.194,0.251,F,0.19,0.82,20,29.5,2.52,0.57,0.182,0.236,0.069,0.09,0.113,0.146,Large,Time,31.08888889,62.7,82.3666666533333,140,120,440,980,140,NA,NA,120,140,NA,NA,NA,NA,NA,NA,NA,NA,NA,NA,NA,NA
9mb,9,Normoxia acclimated,0.492,1.153,0.136,0.201,M,0.11,0.12,17,18,0.15,0.12,0.128,0.3,0.031,0.046,0.097,0.254,Large,Distance,351.5989632,682.263891316667,NA,820,1640,900,620,80,660,780,120,1580,NA,NA,NA,NA,NA,NA,NA,NA,NA,NA,NA,NA
9mb,9,Normoxia acclimated,0.492,1.153,0.136,0.201,M,0.11,0.12,17,18,0.15,0.12,0.128,0.3,0.031,0.046,0.097,0.254,Large,Speed,6.5856099565,7.02327552033333,7.22665739833333,820,1640,900,620,80,660,780,120,1580,NA,NA,NA,NA,NA,NA,NA,NA,NA,NA,NA,NA
9mb,9,Normoxia acclimated,0.492,1.153,0.136,0.201,M,0.11,0.12,17,18,0.15,0.12,0.128,0.3,0.031,0.046,0.097,0.254,Large,Time,53.38888889,89.3666666533333,NA,820,1640,900,620,80,660,780,120,1580,NA,NA,NA,NA,NA,NA,NA,NA,NA,NA,NA,NA
9mg,9,Normoxia acclimated,0.998,1.013,0.415,0.524,M,0.1,0.13,17,18,0.45,0.12,0.26,0.264,0.094,0.119,0.166,0.145,Large,Distance,414.8001208,1057.6367208,958.818051366667,120,120,140,NA,100,760,NA,80,120,NA,NA,NA,NA,NA,NA,NA,NA,NA,NA,NA,NA
9mg,9,Normoxia acclimated,0.998,1.013,0.415,0.524,M,0.1,0.13,17,18,0.45,0.12,0.26,0.264,0.094,0.119,0.166,0.145,Large,Speed,6.525547297,7.90876426833333,7.06457572633333,120,120,140,NA,100,760,NA,80,120,NA,NA,NA,NA,NA,NA,NA,NA,NA,NA,NA,NA
9mg,9,Normoxia acclimated,0.998,1.013,0.415,0.524,M,0.1,0.13,17,18,0.45,0.12,0.26,0.264,0.094,0.119,0.166,0.145,Large,Time,64.2222222233333,131.522222223333,131.233333356667,120,120,140,NA,100,760,NA,80,120,NA,NA,NA,NA,NA,NA,NA,NA,NA,NA,NA,NA
9ml,9,Normoxia acclimated,0.555,0.957,0.24,0.513,M,0.12,0.13,19,18.5,0.14,0.13,0.146,0.252,0.056,0.12,0.09,0.132,Large,Distance,529.769450866667,1086.77720133333,847.280586766667,NA,NA,NA,NA,NA,NA,NA,NA,NA,NA,NA,NA,NA,NA,NA,NA,NA,NA,NA,NA,NA
9ml,9,Normoxia acclimated,0.555,0.957,0.24,0.513,M,0.12,0.13,19,18.5,0.14,0.13,0.146,0.252,0.056,0.12,0.09,0.132,Large,Speed,6.7509180675,7.0212751,6.84223061033333,NA,NA,NA,NA,NA,NA,NA,NA,NA,NA,NA,NA,NA,NA,NA,NA,NA,NA,NA,NA,NA
9ml,9,Normoxia acclimated,0.555,0.957,0.24,0.513,M,0.12,0.13,19,18.5,0.14,0.13,0.146,0.252,0.056,0.12,0.09,0.132,Large,Time,78.3666666766667,154.8,124.7222222,NA,NA,NA,NA,NA,NA,NA,NA,NA,NA,NA,NA,NA,NA,NA,NA,NA,NA,NA,NA,NA
9mp,9,Normoxia acclimated,0.676,1.093,0.223,0.453,M,0.13,0.17,18,19,0.46,0.16,0.183,0.297,0.055,0.112,0.128,0.185,Large,Distance,63.45326347,468.268285066667,255.4757946,NA,1960,900,NA,120,NA,NA,NA,NA,NA,NA,NA,NA,NA,NA,NA,NA,NA,NA,NA,NA
9mp,9,Normoxia acclimated,0.676,1.093,0.223,0.453,M,0.13,0.17,18,19,0.46,0.16,0.183,0.297,0.055,0.112,0.128,0.185,Large,Speed,7.077424517,8.467607998,7.907601471,NA,1960,900,NA,120,NA,NA,NA,NA,NA,NA,NA,NA,NA,NA,NA,NA,NA,NA,NA,NA
9mp,9,Normoxia acclimated,0.676,1.093,0.223,0.453,M,0.13,0.17,18,19,0.46,0.16,0.183,0.297,0.055,0.112,0.128,0.185,Large,Time,8.74444444333333,61.4333333433333,34.32222222,NA,1960,900,NA,120,NA,NA,NA,NA,NA,NA,NA,NA,NA,NA,NA,NA,NA,NA,NA,NA
